{"v":"","fr":6,"ip":0,"op":120,"w":300,"h":300,"nm":"Scene 1","ddd":0,"assets":[],"markers":[],"meta":{"author":"","description":"Scene 1","generator":"LottieFiles for Animate 0.0.1","keywords":[],"themeColor":"ffffffff"},"layers":[{"ty":4,"ip":0,"op":120,"ddd":0,"ind":1,"ao":0,"bm":0,"cl":"","nm":"hilite","sr":1,"st":0,"h":258.8,"w":52.8,"ks":{"p":{"a":0,"k":[0,0],"ix":2},"a":{"a":0,"k":[0,0],"ix":1},"s":{"a":0,"k":[100,100],"ix":3},"r":{"a":0,"k":0,"ix":6},"o":{"a":0,"k":100,"ix":7}},"shapes":[{"ty":"gr","mn":"","nm":"","hd":false,"cix":2,"ix":1,"it":[{"ty":"sh","d":1,"mn":"","nm":"","hd":false,"ind":0,"ix":1,"ks":{"a":0,"k":{"i":[[-2.8000000000000114,0.3499999999999943],[-0.09999999999999432,3],[3.9000000000000057,22.799999999999997],[7.550000000000011,36.95],[-1.1499999999999773,-12.599999999999994],[0.30000000000001137,-17]],"o":[[0,0],[0,0],[0,0],[0,0],[0,0],[0,0]],"v":[[167.75,126.5],[170.65,123.2],[167.15,85.15],[158.35,40.95],[163.2,83.5],[165,123.2]],"c":true},"ix":2}},{"ty":"fl","bm":0,"mn":"","nm":"","hd":false,"r":1,"o":{"a":0,"k":100,"ix":5},"c":{"a":0,"k":[1,1,1,1],"ix":4}},{"ty":"tr","nm":"Transform","p":{"a":0,"k":[0,0],"ix":2},"a":{"a":0,"k":[0,0],"ix":1},"s":{"a":0,"k":[100,100],"ix":3},"r":{"a":0,"k":0,"ix":6},"o":{"a":0,"k":100,"ix":7}}]},{"ty":"gr","mn":"","nm":"","hd":false,"cix":2,"ix":1,"it":[{"ty":"sh","d":1,"mn":"","nm":"","hd":false,"ind":0,"ix":1,"ks":{"a":0,"k":{"i":[[-2.5,16.5],[-2.5,0.5],[2.9749999999999943,-16.387500000000017],[1.8499999999999943,-0.5625],[0.17500000000001137,-0.05000000000001137]],"o":[[0,0],[0,0],[0,0],[0,0],[0,0]],"v":[[166,187],[171,186],[165.05,218.775],[161.35,219.9],[161,220]],"c":true},"ix":2}},{"ty":"fl","bm":0,"mn":"","nm":"","hd":false,"r":1,"o":{"a":0,"k":100,"ix":5},"c":{"a":0,"k":[0.7137254901960784,0.7137254901960784,0.7137254901960784,1],"ix":4}},{"ty":"tr","nm":"Transform","p":{"a":0,"k":[0,0],"ix":2},"a":{"a":0,"k":[0,0],"ix":1},"s":{"a":0,"k":[100,100],"ix":3},"r":{"a":0,"k":0,"ix":6},"o":{"a":0,"k":100,"ix":7}}]},{"ty":"gr","mn":"","nm":"","hd":false,"cix":2,"ix":1,"it":[{"ty":"sh","d":1,"mn":"","nm":"","hd":false,"ind":0,"ix":1,"ks":{"a":0,"k":{"i":[[-1.8500000000000227,0.5625],[-0.025000000000005684,0.012499999999988631],[-5.324999999999989,-22.94999999999999],[1.9000000000000057,-0.5500000000000114],[5.300000000000011,22.924999999999983]],"o":[[0,0],[0,0],[0,0],[0,0],[0,0]],"v":[[165.05,218.775],[165.1,218.75],[175.75,264.65],[171.95,265.75],[161.35,219.9]],"c":true},"ix":2}},{"ty":"fl","bm":0,"mn":"","nm":"","hd":false,"r":1,"o":{"a":0,"k":100,"ix":5},"c":{"a":0,"k":[1,1,1,1],"ix":4}},{"ty":"tr","nm":"Transform","p":{"a":0,"k":[0,0],"ix":2},"a":{"a":0,"k":[0,0],"ix":1},"s":{"a":0,"k":[100,100],"ix":3},"r":{"a":0,"k":0,"ix":6},"o":{"a":0,"k":100,"ix":7}}]},{"ty":"gr","mn":"","nm":"","hd":false,"cix":2,"ix":1,"it":[{"ty":"sh","d":1,"mn":"","nm":"","hd":false,"ind":0,"ix":1,"ks":{"a":0,"k":{"i":[[-5.150000000000006,-21.299999999999997],[2.75,9.800000000000004],[1.6500000000000057,0.8500000000000014],[9.75,-0.09999999999999787],[0.9000000000000057,-0.6500000000000021],[7.75,-26.7],[3.6499999999999915,-13.049999999999997],[-8.400000000000006,31.700000000000003],[-9.4189453125,-0.5734375000000007],[-0.025000000000005684,0],[-2.3308593749999886,-0.5150390624999979]],"o":[[0,0],[0,0],[0,0],[0,0],[0,0],[0,0],[0,0],[0,0],[0,0],[0,0],[0,0]],"v":[[175.4,76.55],[170.1,57.1],[161.15,29.7],[149.75,28.9],[139.1,29.6],[130.4,56.9],[122.95,83.1],[137.05,27.65],[156,27],[156.05,27],[163,27.65]],"c":true},"ix":2}},{"ty":"fl","bm":0,"mn":"","nm":"","hd":false,"r":1,"o":{"a":0,"k":100,"ix":5},"c":{"a":0,"k":[0.7333333333333333,0.8156862745098039,1,1],"ix":4}},{"ty":"tr","nm":"Transform","p":{"a":0,"k":[0,0],"ix":2},"a":{"a":0,"k":[0,0],"ix":1},"s":{"a":0,"k":[100,100],"ix":3},"r":{"a":0,"k":0,"ix":6},"o":{"a":0,"k":100,"ix":7}}]},{"ty":"gr","mn":"","nm":"","hd":false,"cix":2,"ix":1,"it":[{"ty":"sh","d":1,"mn":"","nm":"","hd":false,"ind":0,"ix":1,"ks":{"a":0,"k":{"i":[[0.6500000000000057,10.025000000000002],[-1.049999999999983,-0.5250000000000004],[-1.1000000000000227,-9.5],[1.5,0]],"o":[[0,0],[0,0],[0,0],[0,0]],"v":[[154.75,6.95],[156.85,8],[159.05,27],[156.05,27]],"c":true},"ix":2}},{"ty":"fl","bm":0,"mn":"","nm":"","hd":false,"r":1,"o":{"a":0,"k":100,"ix":5},"c":{"a":0,"k":[1,1,1,1],"ix":4}},{"ty":"tr","nm":"Transform","p":{"a":0,"k":[0,0],"ix":2},"a":{"a":0,"k":[0,0],"ix":1},"s":{"a":0,"k":[100,100],"ix":3},"r":{"a":0,"k":0,"ix":6},"o":{"a":0,"k":100,"ix":7}}]}]},{"ty":4,"ip":0,"op":120,"ddd":0,"ind":2,"ao":0,"bm":0,"cl":"","nm":"top","sr":1,"st":0,"h":22.1,"w":25.95,"ks":{"p":{"a":0,"k":[0,0],"ix":2},"a":{"a":0,"k":[0,0],"ix":1},"s":{"a":0,"k":[100,100],"ix":3},"r":{"a":0,"k":0,"ix":6},"o":{"a":0,"k":100,"ix":7}},"shapes":[{"ty":"gr","mn":"","nm":"","hd":false,"cix":2,"ix":1,"it":[{"ty":"sh","d":1,"mn":"","nm":"","hd":false,"ind":0,"ix":1,"ks":{"a":0,"k":{"i":[[-1.9749999999999943,9.325],[-9.186132812500006,-6.9103515625],[-2,-9.325],[14.195898437499977,-1.2462890624999972]],"o":[[0,0],[0,0],[0,0],[0,0]],"v":[[141,9],[159,9],[163,27.65],[137.05,27.65]],"c":true},"ix":2}},{"ty":"fl","bm":0,"mn":"","nm":"","hd":false,"r":1,"o":{"a":0,"k":100,"ix":5},"c":{"a":0,"k":[0.6,0.6,0.6,1],"ix":4}},{"ty":"tr","nm":"Transform","p":{"a":0,"k":[0,0],"ix":2},"a":{"a":0,"k":[0,0],"ix":1},"s":{"a":0,"k":[100,100],"ix":3},"r":{"a":0,"k":0,"ix":6},"o":{"a":0,"k":100,"ix":7}}]}]},{"ty":4,"ip":0,"op":120,"ddd":0,"ind":3,"ao":0,"bm":0,"cl":"","nm":"lava4","sr":1,"st":0,"h":24,"w":49.3,"ks":{"p":{"a":0,"k":[0,0],"ix":2},"a":{"a":0,"k":[0,0],"ix":1},"s":{"a":0,"k":[100,100],"ix":3},"r":{"a":0,"k":0,"ix":6},"o":{"a":0,"k":100,"ix":7}},"shapes":[{"ty":"gr","mn":"","nm":"","hd":false,"cix":2,"ix":1,"it":[{"ty":"sh","d":1,"mn":"","nm":"","hd":false,"ind":0,"ix":1,"ks":{"a":0,"k":{"i":[[0,-2],[7.25,-2.8000000000000114],[3.700000000000017,-0.5500000000000114],[7.399999999999977,0],[3.0999999999999943,0.5],[3.200000000000017,1.25],[0,4.149999999999977],[-6.800000000000011,4.099999999999994],[-8.349999999999994,0],[-7.049999999999983,-4.649999999999977],[-2.25,-2.8000000000000114]],"o":[[0,0],[0,0],[0,0],[0,0],[0,0],[0,0],[0,0],[0,0],[0,0],[0,0],[0,0]],"v":[[175.8,177.8],[168.55,184.75],[161.7,186.55],[150.55,187.05],[140.05,186.5],[133.7,184.75],[126.5,177.8],[133.3,168.75],[151.1,163.05],[167.7,167.7],[173.5,172.9]],"c":true},"ix":2}},{"ty":"fl","bm":0,"mn":"","nm":"","hd":false,"r":1,"o":{"a":0,"k":100,"ix":5},"c":{"a":0,"k":[0,0.4,1,1],"ix":4}},{"ty":"tr","nm":"Transform","p":{"a":0,"k":[0,0],"ix":2},"a":{"a":0,"k":[0,0],"ix":1},"s":{"a":0,"k":[100,100],"ix":3},"r":{"a":0,"k":0,"ix":6},"o":{"a":0,"k":100,"ix":7}}]}]},{"ty":4,"ip":0,"op":120,"ddd":0,"ind":4,"ao":0,"bm":0,"cl":"","nm":"lava3","sr":1,"st":0,"h":72,"w":46.35,"ks":{"p":{"a":0,"k":[0,0],"ix":2},"a":{"a":0,"k":[0,0],"ix":1},"s":{"a":0,"k":[100,100],"ix":3},"r":{"a":0,"k":0,"ix":6},"o":{"a":0,"k":100,"ix":7}},"shapes":[{"ty":"gr","mn":"","nm":"","hd":false,"cix":2,"ix":1,"it":[{"ty":"sh","d":1,"mn":"","nm":"","hd":false,"ind":0,"ix":1,"ks":{"a":1,"k":[{"t":0,"s":[{"i":[[-0.75,-9.099999999999994],[8.5,-4.050000000000011],[8.75,1.5999999999999943],[6.25,4.599999999999994],[0,6.5],[-6.200000000000017,4.600000000000023],[-8.75,0],[-7.799999999999983,-4.150000000000006]],"o":[[0,0],[0,0],[0,0],[0,0],[0,0],[0,0],[0,0],[0,0]],"v":[[172.4,168.7],[164.65,181.9],[147.3,184.3],[132.3,178.1],[126.1,167],[132.3,155.95],[147.3,151.35],[163.85,155.5]],"c":true}],"i":{"x":0.833,"y":0.833},"o":{"x":0.167,"y":0.167}},{"t":22,"s":[{"i":[[-5.550000000000011,-7.1499999999999915],[0,-14.550000000000011],[5.5,-5.150000000000006],[7.75,2.5],[5.600000000000023,7.099999999999994],[0,10.049999999999983],[-5.5,7.150000000000006],[-7.799999999999983,0]],"o":[[0,0],[0,0],[0,0],[0,0],[0,0],[0,0],[0,0],[0,0]],"v":[[164.4,118.85],[169.95,140.55],[164.45,160.25],[151.1,162.9],[137.7,153.25],[132.2,136.05],[137.7,118.85],[151.1,111.7]],"c":true}],"i":{"x":0.833,"y":0.833},"o":{"x":0.167,"y":0.167}},{"t":35,"s":[{"i":[[-6.25,-5.349999999999994],[-0.6000000000000227,-11.850000000000009],[6.800000000000011,-5.25],[7,2.0999999999999943],[5,5.950000000000003],[0,8.400000000000006],[-4.949999999999989,5.949999999999989],[-7,0]],"o":[[0,0],[0,0],[0,0],[0,0],[0,0],[0,0],[0,0],[0,0]],"v":[[167.25,78.05],[174.05,95.2],[167.85,112.3],[154,115.4],[142,107.35],[137.05,93],[142,78.65],[154,72.7]],"c":true}],"i":{"x":0.833,"y":0.833},"o":{"x":0.167,"y":0.167}},{"t":54,"s":[{"i":[[-2.200000000000017,-13.75],[6.400000000000006,-5.75],[7,2.1000000000000085],[4.599999999999994,5.549999999999997],[-0.75,7.649999999999999],[-3.8499999999999943,7.049999999999997],[-7,0],[-4.200000000000017,-2.950000000000003]],"o":[[0,0],[0,0],[0,0],[0,0],[0,0],[0,0],[0,0],[0,0]],"v":[[166.3,44],[162.1,63.5],[148.7,67.1],[137.1,59.45],[133.25,46.2],[137.85,31.5],[148.7,24.4],[159.9,27.35]],"c":true}],"i":{"x":0.833,"y":0.833},"o":{"x":0.167,"y":0.167}},{"t":69,"s":[{"i":[[-2.1916015625000114,-13.735546874999997],[6.391406250000017,-5.739648437499994],[7.002734375000017,2.1046875000000114],[4.6005859375,5.5755859375000085],[-0.751953125,7.648242187500003],[-3.8482421875000057,7.076757812499999],[-7.000781249999989,-0.0005859374999985789],[-4.202929687500017,-2.9298828125000043]],"o":[[0,0],[0,0],[0,0],[0,0],[0,0],[0,0],[0,0],[0,0]],"v":[[166.3,76],[162.1,95.475],[148.7,99.1],[137.1,91.425],[133.25,78.2],[137.85,63.475],[148.7,56.4],[159.9,59.325]],"c":true}],"i":{"x":0.833,"y":0.833},"o":{"x":0.167,"y":0.167}},{"t":94,"s":[{"i":[[-6.2265625,-5.324414062500011],[-0.595703125,-11.852343750000003],[6.820507812500011,-5.222851562500011],[7.001367187499994,2.0992187500000057],[5,5.950000000000017],[0,8.400000000000006],[-4.949999999999989,5.949999999999989],[-7,0]],"o":[[0,0],[0,0],[0,0],[0,0],[0,0],[0,0],[0,0],[0,0]],"v":[[167.225,110.025],[174.05,127.2],[167.825,144.275],[154,147.4],[142,139.35],[137.05,125],[142,110.65],[154,104.7]],"c":true}],"i":{"x":0.833,"y":0.833},"o":{"x":0.167,"y":0.167}},{"t":112,"s":[{"i":[[-0.75,-9.099999999999994],[8.5,-4.050000000000011],[8.75,1.5999999999999943],[6.25,4.599999999999994],[0,6.5],[-6.200000000000017,4.600000000000023],[-8.75,0],[-7.799999999999983,-4.150000000000006]],"o":[[0,0],[0,0],[0,0],[0,0],[0,0],[0,0],[0,0],[0,0]],"v":[[172.4,168.7],[164.65,181.9],[147.3,184.3],[132.3,178.1],[126.1,167],[132.3,155.95],[147.3,151.35],[163.85,155.5]],"c":true}]}],"ix":2}},{"ty":"fl","bm":0,"mn":"","nm":"","hd":false,"r":1,"o":{"a":0,"k":100,"ix":5},"c":{"a":1,"k":[{"t":0,"s":[0,0.4,1,1],"i":{"x":0.833,"y":0.833},"o":{"x":0.167,"y":0.167}},{"t":22,"s":[0,0.4,1,1],"i":{"x":0.833,"y":0.833},"o":{"x":0.167,"y":0.167}},{"t":35,"s":[0,0.4,1,1],"i":{"x":0.833,"y":0.833},"o":{"x":0.167,"y":0.167}},{"t":54,"s":[0,0.4,1,1],"i":{"x":0.833,"y":0.833},"o":{"x":0.167,"y":0.167}},{"t":69,"s":[0,0.4,1,1],"i":{"x":0.833,"y":0.833},"o":{"x":0.167,"y":0.167}},{"t":94,"s":[0,0.4,1,1],"i":{"x":0.833,"y":0.833},"o":{"x":0.167,"y":0.167}},{"t":112,"s":[0,0.4,1,1]}],"ix":4}},{"ty":"tr","nm":"Transform","p":{"a":0,"k":[0,0],"ix":2},"a":{"a":0,"k":[0,0],"ix":1},"s":{"a":0,"k":[100,100],"ix":3},"r":{"a":0,"k":0,"ix":6},"o":{"a":0,"k":100,"ix":7}}]}]},{"ty":4,"ip":0,"op":120,"ddd":0,"ind":5,"ao":0,"bm":0,"cl":"","nm":"lava2","sr":1,"st":0,"h":40.5,"w":44.3,"ks":{"p":{"a":0,"k":[0,0],"ix":2},"a":{"a":0,"k":[0,0],"ix":1},"s":{"a":0,"k":[100,100],"ix":3},"r":{"a":0,"k":0,"ix":6},"o":{"a":0,"k":100,"ix":7}},"shapes":[{"ty":"gr","mn":"","nm":"","hd":false,"cix":2,"ix":1,"it":[{"ty":"sh","d":1,"mn":"","nm":"","hd":false,"ind":0,"ix":1,"ks":{"a":1,"k":[{"t":0,"s":[{"i":[[0,-6.349999999999994],[6.5,-4.450000000000017],[9.199999999999989,0],[6.5,4.5],[0,6.349999999999994],[-6.449999999999989,4.5],[-9.200000000000017,0],[-6.450000000000017,-4.450000000000017]],"o":[[0,0],[0,0],[0,0],[0,0],[0,0],[0,0],[0,0],[0,0]],"v":[[173.05,171.25],[166.55,182.05],[150.9,186.55],[135.2,182.05],[128.75,171.25],[135.2,160.4],[150.9,155.95],[166.55,160.4]],"c":true}],"i":{"x":0.833,"y":0.833},"o":{"x":0.167,"y":0.167}},{"t":22,"s":[{"i":[[-2.6999999999999886,-3.450000000000017],[-2.049999999999983,-6.349999999999994],[0,-3.8000000000000114],[6.150000000000006,-4.450000000000017],[8.700000000000017,0],[6.150000000000006,4.5],[0,6.349999999999994],[-2.4499999999999886,6.200000000000017],[-2.1999999999999886,2.8499999999999943],[-7.849999999999994,0],[-2.8499999999999943,-1.049999999999983]],"o":[[0,0],[0,0],[0,0],[0,0],[0,0],[0,0],[0,0],[0,0],[0,0],[0,0],[0,0]],"v":[[164.7,151.4],[170.2,162.15],[171.9,171.25],[165.75,182.05],[150.95,186.55],[136.15,182.05],[130.05,171.25],[132.5,161.95],[137.1,153.1],[150.7,145.55],[158.4,146.6]],"c":true}],"i":{"x":0.833,"y":0.833},"o":{"x":0.167,"y":0.167}},{"t":57,"s":[{"i":[[0,-6.349999999999994],[6.5,-4.450000000000017],[9.199999999999989,0],[6.5,4.5],[0,6.349999999999994],[-6.449999999999989,4.5],[-9.200000000000017,0],[-6.450000000000017,-4.450000000000017]],"o":[[0,0],[0,0],[0,0],[0,0],[0,0],[0,0],[0,0],[0,0]],"v":[[173.05,171.25],[166.55,182.05],[150.9,186.55],[135.2,182.05],[128.75,171.25],[135.2,160.4],[150.9,155.95],[166.55,160.4]],"c":true}]}],"ix":2}},{"ty":"fl","bm":0,"mn":"","nm":"","hd":false,"r":1,"o":{"a":0,"k":100,"ix":5},"c":{"a":1,"k":[{"t":0,"s":[0,0.4,1,1],"i":{"x":0.833,"y":0.833},"o":{"x":0.167,"y":0.167}},{"t":22,"s":[0,0.4,1,1],"i":{"x":0.833,"y":0.833},"o":{"x":0.167,"y":0.167}},{"t":57,"s":[0,0.4,1,1]}],"ix":4}},{"ty":"tr","nm":"Transform","p":{"a":0,"k":[0,0],"ix":2},"a":{"a":0,"k":[0,0],"ix":1},"s":{"a":0,"k":[100,100],"ix":3},"r":{"a":0,"k":0,"ix":6},"o":{"a":0,"k":100,"ix":7}}]}]},{"ty":4,"ip":0,"op":120,"ddd":0,"ind":6,"ao":0,"bm":0,"cl":"","nm":"lava1","sr":1,"st":0,"h":113.8,"w":39.75,"ks":{"p":{"a":0,"k":[0,0],"ix":2},"a":{"a":0,"k":[0,0],"ix":1},"s":{"a":0,"k":[100,100],"ix":3},"r":{"a":0,"k":0,"ix":6},"o":{"a":0,"k":100,"ix":7}},"shapes":[{"ty":"gr","mn":"","nm":"","hd":false,"cix":2,"ix":1,"it":[{"ty":"sh","d":1,"mn":"","nm":"","hd":false,"ind":0,"ix":1,"ks":{"a":1,"k":[{"t":0,"s":[{"i":[[-1.5500000000000114,-10.75],[4.75,-8.799999999999997],[9.900000000000006,0.3999999999999915],[4.300000000000011,8.350000000000009],[-1.700000000000017,10.25],[-4.299999999999983,9.25],[-6.800000000000011,0],[-4.799999999999983,-8.8]],"o":[[0,0],[0,0],[0,0],[0,0],[0,0],[0,0],[0,0],[0,0]],"v":[[167.75,49],[164.45,68.55],[149.75,76.95],[135.5,68.1],[132.9,49.45],[138.85,29.9],[149.9,20.65],[161.45,29.45]],"c":true}],"i":{"x":0.833,"y":0.833},"o":{"x":0.167,"y":0.167}},{"t":17,"s":[{"i":[[-4.394921874999994,-14.749609375000006],[4.034960937499989,-8.677929687500011],[7.739843750000006,-4.047265624999994],[6.544921875,1.7490234375],[2.4499999999999886,9.299999999999983],[-1.3765625000000057,11.375],[-8.370703125000006,6.8248046874999915],[-6.605664062500011,-1.7501953124999972]],"o":[[0,0],[0,0],[0,0],[0,0],[0,0],[0,0],[0,0],[0,0]],"v":[[164.4,129.5],[164.75,152.925],[152.975,165.65],[138.7,167.95],[129.75,156.9],[128.675,136.275],[138.425,118.075],[153.4,113]],"c":true}],"i":{"x":0.833,"y":0.833},"o":{"x":0.167,"y":0.167}},{"t":35,"s":[{"i":[[-7.099999999999994,-4.400000000000006],[0,-6.25],[7.099999999999994,-4.400000000000006],[10.050000000000011,0],[7.099999999999994,4.399999999999977],[0,6.200000000000017],[-7.1000000000000085,4.399999999999977],[-10,0]],"o":[[0,0],[0,0],[0,0],[0,0],[0,0],[0,0],[0,0],[0,0]],"v":[[167.65,162.05],[174.75,172.7],[167.65,183.3],[150.5,187.7],[133.4,183.3],[126.3,172.7],[133.4,162.05],[150.5,157.65]],"c":true}],"i":{"x":0.833,"y":0.833},"o":{"x":0.167,"y":0.167}},{"t":57,"s":[{"i":[[0,-6.25],[7.199999999999989,-4.400000000000006],[10.150000000000006,0],[7.200000000000017,4.399999999999977],[0,6.200000000000017],[-7.1499999999999915,4.399999999999977],[-10.099999999999994,0],[-7.150000000000006,-4.400000000000006]],"o":[[0,0],[0,0],[0,0],[0,0],[0,0],[0,0],[0,0],[0,0]],"v":[[175.25,171.7],[168.05,182.3],[150.75,186.7],[133.45,182.3],[126.3,171.7],[133.45,161.05],[150.75,156.65],[168.05,161.05]],"c":true}],"i":{"x":0.833,"y":0.833},"o":{"x":0.167,"y":0.167}},{"t":75,"s":[{"i":[[-7.699999999999989,-9.650000000000006],[6.650000000000006,-11.150000000000006],[8.400000000000006,-6.75],[6.550000000000011,1.75],[2.4499999999999886,9.299999999999983],[-3.049999999999997,11.350000000000009],[-6.799999999999983,6.8500000000000085],[-6.5,-1.75]],"o":[[0,0],[0,0],[0,0],[0,0],[0,0],[0,0],[0,0],[0,0]],"v":[[167.7,92.4],[168.75,113.15],[153.7,131],[138.7,135.95],[129.75,124.9],[130.35,104.3],[140.2,86.05],[153.45,81]],"c":true}],"i":{"x":0.833,"y":0.833},"o":{"x":0.167,"y":0.167}},{"t":98,"s":[{"i":[[-1.5500000000000114,-10.75],[4.75,-8.799999999999997],[9.900000000000006,0.3999999999999915],[4.300000000000011,8.350000000000009],[-1.700000000000017,10.25],[-4.299999999999983,9.25],[-6.800000000000011,0],[-4.799999999999983,-8.8]],"o":[[0,0],[0,0],[0,0],[0,0],[0,0],[0,0],[0,0],[0,0]],"v":[[167.75,49],[164.45,68.55],[149.75,76.95],[135.5,68.1],[132.9,49.45],[138.85,29.9],[149.9,20.65],[161.45,29.45]],"c":true}]}],"ix":2}},{"ty":"fl","bm":0,"mn":"","nm":"","hd":false,"r":1,"o":{"a":0,"k":100,"ix":5},"c":{"a":1,"k":[{"t":0,"s":[0,0.3607843137254902,0.9098039215686274,1],"i":{"x":0.833,"y":0.833},"o":{"x":0.167,"y":0.167}},{"t":17,"s":[0,0.3607843137254902,0.9098039215686274,1],"i":{"x":0.833,"y":0.833},"o":{"x":0.167,"y":0.167}},{"t":35,"s":[0,0.3607843137254902,0.9098039215686274,1],"i":{"x":0.833,"y":0.833},"o":{"x":0.167,"y":0.167}},{"t":57,"s":[0,0.3607843137254902,0.9098039215686274,1],"i":{"x":0.833,"y":0.833},"o":{"x":0.167,"y":0.167}},{"t":75,"s":[0,0.3607843137254902,0.9098039215686274,1],"i":{"x":0.833,"y":0.833},"o":{"x":0.167,"y":0.167}},{"t":98,"s":[0,0.3607843137254902,0.9098039215686274,1]}],"ix":4}},{"ty":"tr","nm":"Transform","p":{"a":0,"k":[0,0],"ix":2},"a":{"a":0,"k":[0,0],"ix":1},"s":{"a":0,"k":[100,100],"ix":3},"r":{"a":0,"k":0,"ix":6},"o":{"a":0,"k":100,"ix":7}}]}]},{"ty":4,"ip":0,"op":120,"ddd":0,"ind":7,"ao":0,"bm":0,"cl":"","nm":"bottle","sr":1,"st":0,"h":195.15,"w":78.35,"ks":{"p":{"a":0,"k":[0,0],"ix":2},"a":{"a":0,"k":[0,0],"ix":1},"s":{"a":0,"k":[100,100],"ix":3},"r":{"a":0,"k":0,"ix":6},"o":{"a":0,"k":100,"ix":7}},"shapes":[{"ty":"gr","mn":"","nm":"","hd":false,"cix":2,"ix":1,"it":[{"ty":"sh","d":1,"mn":"","nm":"","hd":false,"ind":0,"ix":1,"ks":{"a":0,"k":{"i":[[-5.150000000000006,-21.299999999999997],[-0.825000000000017,-3.2249999999999943],[-0.05000000000001137,-0.25],[-0.35000000000002274,-1.2999999999999972],[1.8500000000000227,-15.75],[4.900000000000006,-7.550000000000011],[0.9499999999999886,-0.950000000000017],[11.699999999999989,-1.1500000000000057],[11.099999999999994,1.1000000000000227],[5.700000000000003,4.099999999999994],[0.7999999999999972,1.1500000000000057],[1.9000000000000057,15.349999999999994],[-13,54.650000000000006],[-0.3500000000000085,1.3499999999999943],[0.025000000000005684,0],[-0.04999999999999716,0.15000000000000568],[-8.400000000000006,31.700000000000003],[-13.261914062500011,-3.5390625]],"o":[[0,0],[0,0],[0,0],[0,0],[0,0],[0,0],[0,0],[0,0],[0,0],[0,0],[0,0],[0,0],[0,0],[0,0],[0,0],[0,0],[0,0],[0,0]],"v":[[175.4,76.55],[177.05,83],[177.15,83.45],[177.8,86.1],[188.95,156.5],[182.15,179.3],[180.3,181.4],[162.75,186.65],[137.1,186.7],[119.7,181.4],[117.95,179.35],[111.05,156.5],[122.25,86.1],[122.9,83.45],[122.85,83.45],[122.95,83.1],[137.05,27.65],[163,27.65]],"c":true},"ix":2}},{"ty":"fl","bm":0,"mn":"","nm":"","hd":false,"r":1,"o":{"a":0,"k":100,"ix":5},"c":{"a":0,"k":[0.7098039215686275,0.792156862745098,0.8784313725490196,1],"ix":4}},{"ty":"tr","nm":"Transform","p":{"a":0,"k":[0,0],"ix":2},"a":{"a":0,"k":[0,0],"ix":1},"s":{"a":0,"k":[100,100],"ix":3},"r":{"a":0,"k":0,"ix":6},"o":{"a":0,"k":100,"ix":7}}]},{"ty":"gr","mn":"","nm":"","hd":false,"cix":2,"ix":1,"it":[{"ty":"sh","d":1,"mn":"","nm":"","hd":false,"ind":0,"ix":1,"ks":{"a":0,"k":{"i":[[-5.575000000000017,17.349999999999994],[0.9499999999999886,-0.950000000000017],[11.699999999999989,-1.1500000000000057],[11.099999999999994,1.1000000000000227],[5.700000000000003,4.099999999999994],[0.7999999999999972,1.1500000000000057],[-5.525000000000006,-17.32499999999999],[-15.625,-1.1689453125],[-5.550000000000011,7.993945312499989]],"o":[[0,0],[0,0],[0,0],[0,0],[0,0],[0,0],[0,0],[0,0],[0,0]],"v":[[182.15,179.3],[180.3,181.4],[162.75,186.65],[137.1,186.7],[119.7,181.4],[117.95,179.35],[129,214],[149.825,220.825],[171,214]],"c":true},"ix":2}},{"ty":"fl","bm":0,"mn":"","nm":"","hd":false,"r":1,"o":{"a":0,"k":100,"ix":5},"c":{"a":0,"k":[0.6,0.6,0.6,1],"ix":4}},{"ty":"tr","nm":"Transform","p":{"a":0,"k":[0,0],"ix":2},"a":{"a":0,"k":[0,0],"ix":1},"s":{"a":0,"k":[100,100],"ix":3},"r":{"a":0,"k":0,"ix":6},"o":{"a":0,"k":100,"ix":7}}]}]},{"ty":4,"ip":0,"op":120,"ddd":0,"ind":8,"ao":0,"bm":0,"cl":"","nm":"Layer_12","sr":1,"st":0,"h":55.05,"w":65.5,"ks":{"p":{"a":0,"k":[0,0],"ix":2},"a":{"a":0,"k":[0,0],"ix":1},"s":{"a":0,"k":[100,100],"ix":3},"r":{"a":0,"k":0,"ix":6},"o":{"a":0,"k":100,"ix":7}},"shapes":[{"ty":"gr","mn":"","nm":"","hd":false,"cix":2,"ix":1,"it":[{"ty":"sh","d":1,"mn":"","nm":"","hd":false,"ind":0,"ix":1,"ks":{"a":0,"k":{"i":[[0,3.8999999999999773],[-0.5,0.8181640624999886],[-5.5,22.025000000000006],[-21,0],[-5.737499999999983,-22],[0,-0.9025390625000114],[9.650000000000006,-2.7000000000000455],[13.550000000000011,0],[9.600000000000009,2.6999999999999886]],"o":[[0,0],[0,0],[0,0],[0,0],[0,0],[0,0],[0,0],[0,0],[0,0]],"v":[[117.25,259.75],[117.75,258.05],[128.75,214],[170.75,214],[182.225,258],[182.75,259.75],[173.1,266.35],[150,269.05],[126.8,266.35]],"c":true},"ix":2}},{"ty":"fl","bm":0,"mn":"","nm":"","hd":false,"r":1,"o":{"a":0,"k":100,"ix":5},"c":{"a":0,"k":[0.6392156862745098,0.6392156862745098,0.6392156862745098,1],"ix":4}},{"ty":"tr","nm":"Transform","p":{"a":0,"k":[0,0],"ix":2},"a":{"a":0,"k":[0,0],"ix":1},"s":{"a":0,"k":[100,100],"ix":3},"r":{"a":0,"k":0,"ix":6},"o":{"a":0,"k":100,"ix":7}}]}]},{"ty":4,"ip":0,"op":120,"ddd":0,"ind":9,"ao":0,"bm":0,"cl":"","nm":"shadow","sr":1,"st":0,"h":30.05,"w":127.5,"ks":{"p":{"a":0,"k":[0,0],"ix":2},"a":{"a":0,"k":[0,0],"ix":1},"s":{"a":0,"k":[100,100],"ix":3},"r":{"a":0,"k":0,"ix":6},"o":{"a":0,"k":100,"ix":7}},"shapes":[{"ty":"gr","mn":"","nm":"","hd":false,"cix":2,"ix":1,"it":[{"ty":"sh","d":1,"mn":"","nm":"","hd":false,"ind":0,"ix":1,"ks":{"a":0,"k":{"i":[[-7.700000000000003,3.1999999999999886],[-6.700000000000003,1.5500000000000114],[-26.450000000000003,0],[-18.650000000000006,-4.349999999999994],[-4.649999999999977,-2.5500000000000114],[0,-3.25],[18.649999999999977,-4.400000000000034],[26.400000000000006,0],[18.64999999999999,4.449999999999989],[0,6.199999999999989]],"o":[[0,0],[0,0],[0,0],[0,0],[0,0],[0,0],[0,0],[0,0],[0,0],[0,0]],"v":[[94.15,253.75],[105.15,250.35],[150.25,246],[195.3,250.35],[208.95,255],[213.95,261],[195.3,271.6],[150.25,276.05],[105.15,271.6],[86.45,261]],"c":true},"ix":2}},{"ty":"fl","bm":0,"mn":"","nm":"","hd":false,"r":1,"o":{"a":0,"k":100,"ix":5},"c":{"a":0,"k":[0.41568627450980394,0.45098039215686275,0.5098039215686274,1],"ix":4}},{"ty":"tr","nm":"Transform","p":{"a":0,"k":[0,0],"ix":2},"a":{"a":0,"k":[0,0],"ix":1},"s":{"a":0,"k":[100,100],"ix":3},"r":{"a":0,"k":0,"ix":6},"o":{"a":0,"k":100,"ix":7}}]}]},{"ty":4,"ip":0,"op":120,"ddd":0,"ind":10,"ao":0,"bm":0,"cl":"","nm":"ambiant","sr":1,"st":0,"h":60.45,"w":256.4,"ks":{"p":{"a":0,"k":[0,0],"ix":2},"a":{"a":0,"k":[0,0],"ix":1},"s":{"a":0,"k":[100,100],"ix":3},"r":{"a":0,"k":0,"ix":6},"o":{"a":0,"k":100,"ix":7}},"shapes":[{"ty":"gr","mn":"","nm":"","hd":false,"cix":2,"ix":1,"it":[{"ty":"sh","d":1,"mn":"","nm":"","hd":false,"ind":0,"ix":1,"ks":{"a":0,"k":{"i":[[-18.700000000000003,2.1500000000000057],[-30.60000000000001,0],[-29.849999999999994,-4.450000000000017],[-10.900000000000006,-2.5500000000000114],[0,-12.5],[37.55000000000001,-8.850000000000023],[53.099999999999994,0],[37.55,8.849999999999966],[0,12.5],[-37.55,8.899999999999977]],"o":[[0,0],[0,0],[0,0],[0,0],[0,0],[0,0],[0,0],[0,0],[0,0],[0,0]],"v":[[94.15,236.15],[150.15,233.2],[217.65,237.65],[240.8,242.05],[278.35,263.45],[240.8,284.8],[150.15,293.65],[59.5,284.8],[21.95,263.45],[59.5,242.05]],"c":true},"ix":2}},{"ty":"fl","bm":0,"mn":"","nm":"","hd":false,"r":1,"o":{"a":0,"k":100,"ix":5},"c":{"a":0,"k":[0.8823529411764706,0.8901960784313725,0.9098039215686274,1],"ix":4}},{"ty":"tr","nm":"Transform","p":{"a":0,"k":[0,0],"ix":2},"a":{"a":0,"k":[0,0],"ix":1},"s":{"a":0,"k":[100,100],"ix":3},"r":{"a":0,"k":0,"ix":6},"o":{"a":0,"k":100,"ix":7}}]}]}]}