{"v":"5.3.1","fr":29.9700012207031,"ip":0,"op":210.000008553475,"w":574,"h":492,"nm":"Web Development","ddd":0,"assets":[{"id":"comp_0","layers":[{"ddd":0,"ind":1,"ty":4,"nm":"Shape Layer 1","td":1,"sr":1,"ks":{"o":{"a":0,"k":100,"ix":11},"r":{"a":0,"k":0,"ix":10},"p":{"a":0,"k":[68.5,138,0],"ix":2},"a":{"a":0,"k":[0,0,0],"ix":1},"s":{"a":0,"k":[127,99.618,100],"ix":6}},"ao":0,"shapes":[{"ty":"gr","it":[{"ty":"rc","d":1,"s":{"a":0,"k":[107,253],"ix":2},"p":{"a":0,"k":[0,0],"ix":3},"r":{"a":0,"k":20,"ix":4},"nm":"Rectangle Path 1","mn":"ADBE Vector Shape - Rect","hd":false},{"ty":"st","c":{"a":0,"k":[1,1,1,1],"ix":3},"o":{"a":0,"k":100,"ix":4},"w":{"a":0,"k":0,"ix":5},"lc":1,"lj":1,"ml":4,"ml2":{"a":0,"k":4,"ix":8},"nm":"Stroke 1","mn":"ADBE Vector Graphic - Stroke","hd":false},{"ty":"fl","c":{"a":0,"k":[0.996078012504,0.925352986654,0.328120003495,1],"ix":4},"o":{"a":0,"k":100,"ix":5},"r":1,"nm":"Fill 1","mn":"ADBE Vector Graphic - Fill","hd":false},{"ty":"tr","p":{"a":0,"k":[-1,4.5],"ix":2},"a":{"a":0,"k":[0,0],"ix":1},"s":{"a":0,"k":[100,100],"ix":3},"r":{"a":0,"k":0,"ix":6},"o":{"a":0,"k":100,"ix":7},"sk":{"a":0,"k":0,"ix":4},"sa":{"a":0,"k":0,"ix":5},"nm":"Transform"}],"nm":"Rectangle 1","np":3,"cix":2,"ix":1,"mn":"ADBE Vector Group","hd":false}],"ip":0,"op":301.000012259981,"st":0,"bm":0},{"ddd":0,"ind":2,"ty":0,"nm":"UI m","tt":1,"refId":"comp_1","sr":1,"ks":{"o":{"a":0,"k":100,"ix":11},"r":{"a":0,"k":0,"ix":10},"p":{"a":0,"k":[68.5,138,0],"ix":2},"a":{"a":0,"k":[68.5,138,0],"ix":1},"s":{"a":0,"k":[100,100,100],"ix":6}},"ao":0,"w":137,"h":276,"ip":0,"op":187.000007616666,"st":0,"bm":0},{"ddd":0,"ind":3,"ty":4,"nm":"Phone body Outlines","sr":1,"ks":{"o":{"a":0,"k":100,"ix":11},"r":{"a":0,"k":0,"ix":10},"p":{"a":0,"k":[68.184,137.524,0],"ix":2},"a":{"a":0,"k":[68.434,137.774,0],"ix":1},"s":{"a":0,"k":[100,100,100],"ix":6}},"ao":0,"shapes":[{"ty":"gr","it":[{"ind":0,"ty":"sh","ix":1,"ks":{"a":0,"k":{"i":[[0,-1.13],[1.129,0],[0,1.13],[-1.13,0]],"o":[[0,1.13],[-1.13,0],[0,-1.13],[1.129,0]],"v":[[2.046,0],[0.001,2.045],[-2.046,0],[0.001,-2.045]],"c":true},"ix":2},"nm":"Path 1","mn":"ADBE Vector Shape - Group","hd":false},{"ty":"fl","c":{"a":0,"k":[0.9137254901960784,0.9215686274509803,1,1],"ix":4},"o":{"a":0,"k":100,"ix":5},"r":1,"nm":"Fill 1","mn":"ADBE Vector Graphic - Fill","hd":false},{"ty":"tr","p":{"a":0,"k":[89.333,11.493],"ix":2},"a":{"a":0,"k":[0,0],"ix":1},"s":{"a":0,"k":[100,100],"ix":3},"r":{"a":0,"k":0,"ix":6},"o":{"a":0,"k":100,"ix":7},"sk":{"a":0,"k":0,"ix":4},"sa":{"a":0,"k":0,"ix":5},"nm":"Transform"}],"nm":"Group 1","np":2,"cix":2,"ix":1,"mn":"ADBE Vector Group","hd":false},{"ty":"gr","it":[{"ind":0,"ty":"sh","ix":1,"ks":{"a":0,"k":{"i":[[0,0],[0,0],[0,0],[0,0]],"o":[[0,0],[0,0],[0,0],[0,0]],"v":[[16.387,0.686],[-16.387,0.686],[-16.387,-0.686],[16.387,-0.686]],"c":true},"ix":2},"nm":"Path 1","mn":"ADBE Vector Shape - Group","hd":false},{"ty":"fl","c":{"a":0,"k":[0.9137254901960784,0.9215686274509803,1,1],"ix":4},"o":{"a":0,"k":100,"ix":5},"r":1,"nm":"Fill 1","mn":"ADBE Vector Graphic - Fill","hd":false},{"ty":"tr","p":{"a":0,"k":[63.723,11.493],"ix":2},"a":{"a":0,"k":[0,0],"ix":1},"s":{"a":0,"k":[100,100],"ix":3},"r":{"a":0,"k":0,"ix":6},"o":{"a":0,"k":100,"ix":7},"sk":{"a":0,"k":0,"ix":4},"sa":{"a":0,"k":0,"ix":5},"nm":"Transform"}],"nm":"Group 2","np":2,"cix":2,"ix":2,"mn":"ADBE Vector Group","hd":false},{"ty":"gr","it":[{"ind":0,"ty":"sh","ix":1,"ks":{"a":0,"k":{"i":[[0,0],[0,0],[3.548,0],[0,0],[0,3.548],[0,0]],"o":[[0,0],[0,3.548],[0,0],[-3.547,0],[0,0],[0,0]],"v":[[29.398,-5.146],[29.398,-1.277],[22.975,5.146],[-22.976,5.146],[-29.398,-1.277],[-29.398,-5.146]],"c":true},"ix":2},"nm":"Path 1","mn":"ADBE Vector Shape - Group","hd":false},{"ty":"fl","c":{"a":0,"k":[0.1411764705882353,0.25882352941176473,0.3686274509803922,1],"ix":4},"o":{"a":0,"k":100,"ix":5},"r":1,"nm":"Fill 1","mn":"ADBE Vector Graphic - Fill","hd":false},{"ty":"tr","p":{"a":0,"k":[69.241,11.493],"ix":2},"a":{"a":0,"k":[0,0],"ix":1},"s":{"a":0,"k":[100,100],"ix":3},"r":{"a":0,"k":0,"ix":6},"o":{"a":0,"k":100,"ix":7},"sk":{"a":0,"k":0,"ix":4},"sa":{"a":0,"k":0,"ix":5},"nm":"Transform"}],"nm":"Group 3","np":2,"cix":2,"ix":3,"mn":"ADBE Vector Group","hd":false},{"ty":"gr","it":[{"ind":0,"ty":"sh","ix":1,"ks":{"a":0,"k":{"i":[[0,0],[0,5.36],[0,0],[-5.358,0],[0,0],[0,-5.358],[0,0],[5.357,0]],"o":[[-5.358,0],[0,0],[0,-5.358],[0,0],[5.357,0],[0,0],[0,5.36],[0,0]],"v":[[-48.914,128.135],[-58.632,118.418],[-58.632,-118.418],[-48.914,-128.135],[48.917,-128.135],[58.632,-118.418],[58.632,118.418],[48.917,128.135]],"c":true},"ix":2},"nm":"Path 1","mn":"ADBE Vector Shape - Group","hd":false},{"ty":"fl","c":{"a":0,"k":[0.9137254901960784,0.9215686274509803,1,1],"ix":4},"o":{"a":0,"k":100,"ix":5},"r":1,"nm":"Fill 1","mn":"ADBE Vector Graphic - Fill","hd":false},{"ty":"tr","p":{"a":0,"k":[68.434,137.445],"ix":2},"a":{"a":0,"k":[0,0],"ix":1},"s":{"a":0,"k":[100,100],"ix":3},"r":{"a":0,"k":0,"ix":6},"o":{"a":0,"k":100,"ix":7},"sk":{"a":0,"k":0,"ix":4},"sa":{"a":0,"k":0,"ix":5},"nm":"Transform"}],"nm":"Group 4","np":2,"cix":2,"ix":4,"mn":"ADBE Vector Group","hd":false},{"ty":"gr","it":[{"ind":0,"ty":"sh","ix":1,"ks":{"a":0,"k":{"i":[[0,-7.001],[0,0],[7.006,0],[0,0],[0,7.001],[0,0],[-7.006,0],[0,0]],"o":[[0,0],[0,7.001],[0,0],[-7.006,0],[0,0],[0,-7.001],[0,0],[7.006,0]],"v":[[61.598,-118.419],[61.598,118.42],[48.915,131.098],[-48.916,131.098],[-61.599,118.42],[-61.599,-118.419],[-48.916,-131.098],[48.915,-131.098]],"c":true},"ix":2},"nm":"Path 1","mn":"ADBE Vector Shape - Group","hd":false},{"ty":"fl","c":{"a":0,"k":[0.9137254901960784,0.9215686274509803,1,1],"ix":4},"o":{"a":0,"k":100,"ix":5},"r":1,"nm":"Fill 1","mn":"ADBE Vector Graphic - Fill","hd":false},{"ty":"tr","p":{"a":0,"k":[68.435,137.445],"ix":2},"a":{"a":0,"k":[0,0],"ix":1},"s":{"a":0,"k":[100,100],"ix":3},"r":{"a":0,"k":0,"ix":6},"o":{"a":0,"k":100,"ix":7},"sk":{"a":0,"k":0,"ix":4},"sa":{"a":0,"k":0,"ix":5},"nm":"Transform"}],"nm":"Group 5","np":2,"cix":2,"ix":5,"mn":"ADBE Vector Group","hd":false},{"ty":"gr","it":[{"ind":0,"ty":"sh","ix":1,"ks":{"a":0,"k":{"i":[[0,0],[7.006,0],[0,0],[0,7.001],[0,0],[-7.006,0],[0,0],[0,-7.002]],"o":[[0,7.001],[0,0],[-7.006,0],[0,0],[0,-7.002],[0,0],[7.006,0],[0,0]],"v":[[61.598,118.419],[48.915,131.098],[-48.916,131.098],[-61.599,118.419],[-61.599,-118.419],[-48.916,-131.098],[48.915,-131.098],[61.598,-118.419]],"c":true},"ix":2},"nm":"Path 1","mn":"ADBE Vector Shape - Group","hd":false},{"ty":"fl","c":{"a":0,"k":[0.1411764705882353,0.25882352941176473,0.3686274509803922,1],"ix":4},"o":{"a":0,"k":100,"ix":5},"r":1,"nm":"Fill 1","mn":"ADBE Vector Graphic - Fill","hd":false},{"ty":"tr","p":{"a":0,"k":[68.435,137.445],"ix":2},"a":{"a":0,"k":[0,0],"ix":1},"s":{"a":0,"k":[100,100],"ix":3},"r":{"a":0,"k":0,"ix":6},"o":{"a":0,"k":100,"ix":7},"sk":{"a":0,"k":0,"ix":4},"sa":{"a":0,"k":0,"ix":5},"nm":"Transform"}],"nm":"Group 6","np":2,"cix":2,"ix":6,"mn":"ADBE Vector Group","hd":false},{"ty":"gr","it":[{"ind":0,"ty":"sh","ix":1,"ks":{"a":0,"k":{"i":[[10.094,0],[0,0],[0,-10.095],[0,0],[-10.094,0],[0,0],[0,10.1],[0,0]],"o":[[0,0],[-10.094,0],[0,0],[0,10.1],[0,0],[10.094,0],[0,0],[0,-10.095]],"v":[[49.904,-137.524],[-49.903,-137.524],[-68.185,-119.242],[-68.185,119.241],[-49.903,137.524],[49.904,137.524],[68.184,119.241],[68.184,-119.242]],"c":true},"ix":2},"nm":"Path 1","mn":"ADBE Vector Shape - Group","hd":false},{"ty":"fl","c":{"a":0,"k":[0.1411764705882353,0.25882352941176473,0.3686274509803922,1],"ix":4},"o":{"a":0,"k":100,"ix":5},"r":1,"nm":"Fill 1","mn":"ADBE Vector Graphic - Fill","hd":false},{"ty":"tr","p":{"a":0,"k":[68.435,137.774],"ix":2},"a":{"a":0,"k":[0,0],"ix":1},"s":{"a":0,"k":[100,100],"ix":3},"r":{"a":0,"k":0,"ix":6},"o":{"a":0,"k":100,"ix":7},"sk":{"a":0,"k":0,"ix":4},"sa":{"a":0,"k":0,"ix":5},"nm":"Transform"}],"nm":"Group 7","np":4,"cix":2,"ix":7,"mn":"ADBE Vector Group","hd":false}],"ip":0,"op":301.000012259981,"st":0,"bm":0}]},{"id":"comp_1","layers":[{"ddd":0,"ind":1,"ty":0,"nm":"UI","refId":"comp_2","sr":1,"ks":{"o":{"a":0,"k":100,"ix":11},"r":{"a":0,"k":0,"ix":10},"p":{"a":1,"k":[{"i":{"x":0.833,"y":0.833},"o":{"x":0.167,"y":0.167},"n":"0p833_0p833_0p167_0p167","t":94,"s":[68.5,-82,0],"e":[68.5,-356,0],"to":[0,-45.6666679382324,0],"ti":[0,45.6666679382324,0]},{"t":187.000007616666}],"ix":2},"a":{"a":0,"k":[68.5,138,0],"ix":1},"s":{"a":0,"k":[100,100,100],"ix":6}},"ao":0,"w":137,"h":276,"ip":0,"op":187.000007616666,"st":-20.0000008146167,"bm":0},{"ddd":0,"ind":2,"ty":0,"nm":"UI","refId":"comp_2","sr":1,"ks":{"o":{"a":0,"k":100,"ix":11},"r":{"a":0,"k":0,"ix":10},"p":{"a":1,"k":[{"i":{"x":0.833,"y":0.833},"o":{"x":0.167,"y":0.167},"n":"0p833_0p833_0p167_0p167","t":94,"s":[68.5,358,0],"e":[68.5,138,0],"to":[0,-36.6666679382324,0],"ti":[0,36.6666679382324,0]},{"t":187.000007616666}],"ix":2},"a":{"a":0,"k":[68.5,138,0],"ix":1},"s":{"a":0,"k":[100,100,100],"ix":6}},"ao":0,"w":137,"h":276,"ip":106.000004317469,"op":187.000007616666,"st":106.000004317469,"bm":0},{"ddd":0,"ind":3,"ty":0,"nm":"UI","refId":"comp_2","sr":1,"ks":{"o":{"a":0,"k":100,"ix":11},"r":{"a":0,"k":0,"ix":10},"p":{"a":1,"k":[{"i":{"x":0.833,"y":0.833},"o":{"x":0.167,"y":0.167},"n":"0p833_0p833_0p167_0p167","t":94,"s":[68.5,138,0],"e":[68.5,-82,0],"to":[0,-36.6666679382324,0],"ti":[0,36.6666679382324,0]},{"t":187.000007616666}],"ix":2},"a":{"a":0,"k":[68.5,138,0],"ix":1},"s":{"a":0,"k":[100,100,100],"ix":6}},"ao":0,"w":137,"h":276,"ip":0,"op":187.000007616666,"st":0,"bm":0}]},{"id":"comp_2","layers":[{"ddd":0,"ind":1,"ty":4,"nm":"2nd Bars Outlines","sr":1,"ks":{"o":{"a":0,"k":100,"ix":11},"r":{"a":0,"k":0,"ix":10},"p":{"a":0,"k":[67.464,223.976,0],"ix":2},"a":{"a":0,"k":[29.84,9.732,0],"ix":1},"s":{"a":1,"k":[{"i":{"x":[0,0,0.667],"y":[1,1,1]},"o":{"x":[0.333,0.333,0.333],"y":[0,0,0]},"n":["0_1_0p333_0","0_1_0p333_0","0p667_1_0p333_0"],"t":31,"s":[0,100,100],"e":[100,100,100]},{"t":50.0000020365418}],"ix":6}},"ao":0,"shapes":[{"ty":"gr","it":[{"ind":0,"ty":"sh","ix":1,"ks":{"a":0,"k":{"i":[[0.576,0],[0,0],[0,0.575],[0,0],[-0.574,0],[0,0],[0,-0.575],[0,0]],"o":[[0,0],[-0.574,0],[0,0],[0,-0.575],[0,0],[0.576,0],[0,0],[0,0.575]],"v":[[28.549,1.299],[-28.549,1.299],[-29.59,0.258],[-29.59,-0.258],[-28.549,-1.299],[28.549,-1.299],[29.59,-0.258],[29.59,0.258]],"c":true},"ix":2},"nm":"Path 1","mn":"ADBE Vector Shape - Group","hd":false},{"ty":"fl","c":{"a":0,"k":[0.9137254901960784,0.9215686274509803,1,1],"ix":4},"o":{"a":0,"k":100,"ix":5},"r":1,"nm":"Fill 1","mn":"ADBE Vector Graphic - Fill","hd":false},{"ty":"tr","p":{"a":0,"k":[29.84,9.697],"ix":2},"a":{"a":0,"k":[0,0],"ix":1},"s":{"a":0,"k":[100,100],"ix":3},"r":{"a":0,"k":0,"ix":6},"o":{"a":0,"k":100,"ix":7},"sk":{"a":0,"k":0,"ix":4},"sa":{"a":0,"k":0,"ix":5},"nm":"Transform"}],"nm":"Group 1","np":2,"cix":2,"ix":1,"mn":"ADBE Vector Group","hd":false},{"ty":"gr","it":[{"ind":0,"ty":"sh","ix":1,"ks":{"a":0,"k":{"i":[[0.575,0],[0,0],[0,0.575],[0,0],[-0.576,0],[0,0],[0,-0.576],[0,0]],"o":[[0,0],[-0.576,0],[0,0],[0,-0.576],[0,0],[0.575,0],[0,0],[0,0.575]],"v":[[23.1,1.299],[-23.1,1.299],[-24.143,0.258],[-24.143,-0.258],[-23.1,-1.299],[23.1,-1.299],[24.143,-0.258],[24.143,0.258]],"c":true},"ix":2},"nm":"Path 1","mn":"ADBE Vector Shape - Group","hd":false},{"ty":"fl","c":{"a":0,"k":[0.9137254901960784,0.9215686274509803,1,1],"ix":4},"o":{"a":0,"k":100,"ix":5},"r":1,"nm":"Fill 1","mn":"ADBE Vector Graphic - Fill","hd":false},{"ty":"tr","p":{"a":0,"k":[29.841,17.914],"ix":2},"a":{"a":0,"k":[0,0],"ix":1},"s":{"a":0,"k":[100,100],"ix":3},"r":{"a":0,"k":0,"ix":6},"o":{"a":0,"k":100,"ix":7},"sk":{"a":0,"k":0,"ix":4},"sa":{"a":0,"k":0,"ix":5},"nm":"Transform"}],"nm":"Group 2","np":2,"cix":2,"ix":2,"mn":"ADBE Vector Group","hd":false},{"ty":"gr","it":[{"ind":0,"ty":"sh","ix":1,"ks":{"a":0,"k":{"i":[[0.575,0],[0,0],[0,0.575],[0,0],[-0.576,0],[0,0],[0,-0.575],[0,0]],"o":[[0,0],[-0.576,0],[0,0],[0,-0.575],[0,0],[0.575,0],[0,0],[0,0.575]],"v":[[23.1,1.299],[-23.1,1.299],[-24.143,0.258],[-24.143,-0.258],[-23.1,-1.299],[23.1,-1.299],[24.143,-0.258],[24.143,0.258]],"c":true},"ix":2},"nm":"Path 1","mn":"ADBE Vector Shape - Group","hd":false},{"ty":"fl","c":{"a":0,"k":[0.9137254901960784,0.9215686274509803,1,1],"ix":4},"o":{"a":0,"k":100,"ix":5},"r":1,"nm":"Fill 1","mn":"ADBE Vector Graphic - Fill","hd":false},{"ty":"tr","p":{"a":0,"k":[29.841,1.549],"ix":2},"a":{"a":0,"k":[0,0],"ix":1},"s":{"a":0,"k":[100,100],"ix":3},"r":{"a":0,"k":0,"ix":6},"o":{"a":0,"k":100,"ix":7},"sk":{"a":0,"k":0,"ix":4},"sa":{"a":0,"k":0,"ix":5},"nm":"Transform"}],"nm":"Group 3","np":2,"cix":2,"ix":3,"mn":"ADBE Vector Group","hd":false}],"ip":0,"op":301.000012259981,"st":0,"bm":0},{"ddd":0,"ind":2,"ty":4,"nm":"Rect Outlines","sr":1,"ks":{"o":{"a":0,"k":100,"ix":11},"r":{"a":0,"k":0,"ix":10},"p":{"a":0,"k":[67.464,190.46,0],"ix":2},"a":{"a":0,"k":[15.174,15.175,0],"ix":1},"s":{"a":1,"k":[{"i":{"x":[0,0,0.667],"y":[1,1,1]},"o":{"x":[0.333,0.333,0.333],"y":[0,0,0]},"n":["0_1_0p333_0","0_1_0p333_0","0p667_1_0p333_0"],"t":27,"s":[0,0,100],"e":[100,100,100]},{"t":46.0000018736184}],"ix":6}},"ao":0,"shapes":[{"ty":"gr","it":[{"ind":0,"ty":"sh","ix":1,"ks":{"a":0,"k":{"i":[[2.499,0],[0,0],[0,2.498],[0,0],[-2.499,0],[0,0],[0,-2.499],[0,0]],"o":[[0,0],[-2.499,0],[0,0],[0,-2.499],[0,0],[2.499,0],[0,0],[0,2.498]],"v":[[10.4,14.924],[-10.399,14.924],[-14.924,10.403],[-14.924,-10.398],[-10.399,-14.924],[10.4,-14.924],[14.924,-10.398],[14.924,10.403]],"c":true},"ix":2},"nm":"Path 1","mn":"ADBE Vector Shape - Group","hd":false},{"ty":"fl","c":{"a":0,"k":[0,0.40784313725490196,0.9803921568627451,1],"ix":4},"o":{"a":0,"k":100,"ix":5},"r":1,"nm":"Fill 1","mn":"ADBE Vector Graphic - Fill","hd":false},{"ty":"tr","p":{"a":0,"k":[15.174,15.175],"ix":2},"a":{"a":0,"k":[0,0],"ix":1},"s":{"a":0,"k":[100,100],"ix":3},"r":{"a":0,"k":0,"ix":6},"o":{"a":0,"k":100,"ix":7},"sk":{"a":0,"k":0,"ix":4},"sa":{"a":0,"k":0,"ix":5},"nm":"Transform"}],"nm":"Group 1","np":2,"cix":2,"ix":1,"mn":"ADBE Vector Group","hd":false}],"ip":0,"op":301.000012259981,"st":0,"bm":0},{"ddd":0,"ind":3,"ty":4,"nm":"top bars Outlines","sr":1,"ks":{"o":{"a":0,"k":100,"ix":11},"r":{"a":0,"k":0,"ix":10},"p":{"a":0,"k":[24.624,72.818,0],"ix":2},"a":{"a":0,"k":[0.376,14.309,0],"ix":1},"s":{"a":1,"k":[{"i":{"x":[0.667,0.667,0.667],"y":[1,1,1]},"o":{"x":[0.333,0.333,0.333],"y":[0,0,0]},"n":["0p667_1_0p333_0","0p667_1_0p333_0","0p667_1_0p333_0"],"t":12,"s":[0,100,100],"e":[100,100,100]},{"t":25.0000010182709}],"ix":6}},"ao":0,"shapes":[{"ty":"gr","it":[{"ind":0,"ty":"sh","ix":1,"ks":{"a":0,"k":{"i":[[0.575,0],[0,0],[0,0.576],[0,0],[-0.577,0],[0,0],[0,-0.575],[0,0]],"o":[[0,0],[-0.577,0],[0,0],[0,-0.575],[0,0],[0.575,0],[0,0],[0,0.576]],"v":[[42.833,1.927],[-42.833,1.927],[-43.876,0.885],[-43.876,-0.885],[-42.833,-1.927],[42.833,-1.927],[43.876,-0.885],[43.876,0.885]],"c":true},"ix":2},"nm":"Path 1","mn":"ADBE Vector Shape - Group","hd":false},{"ty":"fl","c":{"a":0,"k":[1,1,1,1],"ix":4},"o":{"a":0,"k":100,"ix":5},"r":1,"nm":"Fill 1","mn":"ADBE Vector Graphic - Fill","hd":false},{"ty":"tr","p":{"a":0,"k":[44.126,14.258],"ix":2},"a":{"a":0,"k":[0,0],"ix":1},"s":{"a":0,"k":[100,100],"ix":3},"r":{"a":0,"k":0,"ix":6},"o":{"a":0,"k":100,"ix":7},"sk":{"a":0,"k":0,"ix":4},"sa":{"a":0,"k":0,"ix":5},"nm":"Transform"}],"nm":"Group 1","np":2,"cix":2,"ix":1,"mn":"ADBE Vector Group","hd":false},{"ty":"gr","it":[{"ind":0,"ty":"sh","ix":1,"ks":{"a":0,"k":{"i":[[0.575,0],[0,0],[0,0.576],[0,0],[-0.575,0],[0,0],[0,-0.575],[0,0]],"o":[[0,0],[-0.575,0],[0,0],[0,-0.575],[0,0],[0.575,0],[0,0],[0,0.576]],"v":[[34.756,1.927],[-34.757,1.927],[-35.798,0.885],[-35.798,-0.885],[-34.757,-1.927],[34.756,-1.927],[35.798,-0.885],[35.798,0.885]],"c":true},"ix":2},"nm":"Path 1","mn":"ADBE Vector Shape - Group","hd":false},{"ty":"fl","c":{"a":0,"k":[1,1,1,1],"ix":4},"o":{"a":0,"k":100,"ix":5},"r":1,"nm":"Fill 1","mn":"ADBE Vector Graphic - Fill","hd":false},{"ty":"tr","p":{"a":0,"k":[36.048,26.441],"ix":2},"a":{"a":0,"k":[0,0],"ix":1},"s":{"a":0,"k":[100,100],"ix":3},"r":{"a":0,"k":0,"ix":6},"o":{"a":0,"k":100,"ix":7},"sk":{"a":0,"k":0,"ix":4},"sa":{"a":0,"k":0,"ix":5},"nm":"Transform"}],"nm":"Group 2","np":2,"cix":2,"ix":2,"mn":"ADBE Vector Group","hd":false},{"ty":"gr","it":[{"ind":0,"ty":"sh","ix":1,"ks":{"a":0,"k":{"i":[[0.575,0],[0,0],[0,0.576],[0,0],[-0.575,0],[0,0],[0,-0.575],[0,0]],"o":[[0,0],[-0.575,0],[0,0],[0,-0.575],[0,0],[0.575,0],[0,0],[0,0.576]],"v":[[34.756,1.927],[-34.757,1.927],[-35.798,0.885],[-35.798,-0.885],[-34.757,-1.927],[34.756,-1.927],[35.798,-0.885],[35.798,0.885]],"c":true},"ix":2},"nm":"Path 1","mn":"ADBE Vector Shape - Group","hd":false},{"ty":"fl","c":{"a":0,"k":[1,1,1,1],"ix":4},"o":{"a":0,"k":100,"ix":5},"r":1,"nm":"Fill 1","mn":"ADBE Vector Graphic - Fill","hd":false},{"ty":"tr","p":{"a":0,"k":[36.048,2.177],"ix":2},"a":{"a":0,"k":[0,0],"ix":1},"s":{"a":0,"k":[100,100],"ix":3},"r":{"a":0,"k":0,"ix":6},"o":{"a":0,"k":100,"ix":7},"sk":{"a":0,"k":0,"ix":4},"sa":{"a":0,"k":0,"ix":5},"nm":"Transform"}],"nm":"Group 3","np":2,"cix":2,"ix":3,"mn":"ADBE Vector Group","hd":false}],"ip":0,"op":301.000012259981,"st":0,"bm":0},{"ddd":0,"ind":4,"ty":4,"nm":"Top bar Blue Outlines","sr":1,"ks":{"o":{"a":0,"k":100,"ix":11},"r":{"a":0,"k":0,"ix":10},"p":{"a":0,"k":[23.81,45.578,0],"ix":2},"a":{"a":0,"k":[0.424,8.31,0],"ix":1},"s":{"a":1,"k":[{"i":{"x":[0.667,0.667,0.667],"y":[1,1,1]},"o":{"x":[0.333,0.333,0.333],"y":[0,0,0]},"n":["0p667_1_0p333_0","0p667_1_0p333_0","0p667_1_0p333_0"],"t":4,"s":[0,100,100],"e":[100,100,100]},{"t":17.0000006924242}],"ix":6}},"ao":0,"shapes":[{"ty":"gr","it":[{"ind":0,"ty":"sh","ix":1,"ks":{"a":0,"k":{"i":[[1.447,0],[0,0],[0,1.447],[0,0],[-1.447,0],[0,0],[0,-1.446],[0,0]],"o":[[0,0],[-1.447,0],[0,0],[0,-1.447],[0,0],[1.447,0],[0,0],[0,1.447]],"v":[[41.928,8.059],[-41.928,8.059],[-44.548,5.439],[-44.548,-5.439],[-41.928,-8.059],[41.928,-8.059],[44.548,-5.439],[44.548,5.439]],"c":true},"ix":2},"nm":"Path 1","mn":"ADBE Vector Shape - Group","hd":false},{"ty":"fl","c":{"a":0,"k":[0,0.40784313725490196,0.9803921568627451,1],"ix":4},"o":{"a":0,"k":100,"ix":5},"r":1,"nm":"Fill 1","mn":"ADBE Vector Graphic - Fill","hd":false},{"ty":"tr","p":{"a":0,"k":[44.798,8.31],"ix":2},"a":{"a":0,"k":[0,0],"ix":1},"s":{"a":0,"k":[100,100],"ix":3},"r":{"a":0,"k":0,"ix":6},"o":{"a":0,"k":100,"ix":7},"sk":{"a":0,"k":0,"ix":4},"sa":{"a":0,"k":0,"ix":5},"nm":"Transform"}],"nm":"Group 1","np":2,"cix":2,"ix":1,"mn":"ADBE Vector Group","hd":false}],"ip":0,"op":301.000012259981,"st":0,"bm":0},{"ddd":0,"ind":5,"ty":4,"nm":"Circle Outlines","sr":1,"ks":{"o":{"a":0,"k":100,"ix":11},"r":{"a":0,"k":0,"ix":10},"p":{"a":0,"k":[43.828,112.206,0],"ix":2},"a":{"a":0,"k":[12.482,12.483,0],"ix":1},"s":{"a":1,"k":[{"i":{"x":[0,0,0.667],"y":[1,1,1]},"o":{"x":[0.333,0.333,0.333],"y":[0,0,0]},"n":["0_1_0p333_0","0_1_0p333_0","0p667_1_0p333_0"],"t":6,"s":[0,0,100],"e":[100,100,100]},{"t":25.0000010182709}],"ix":6}},"ao":0,"shapes":[{"ty":"gr","it":[{"ind":0,"ty":"sh","ix":1,"ks":{"a":0,"k":{"i":[[0,-6.756],[6.756,0],[0,6.756],[-6.756,0]],"o":[[0,6.756],[-6.756,0],[0,-6.756],[6.756,0]],"v":[[12.232,0],[-0.001,12.232],[-12.232,0],[-0.001,-12.232]],"c":true},"ix":2},"nm":"Path 1","mn":"ADBE Vector Shape - Group","hd":false},{"ty":"fl","c":{"a":0,"k":[0.9137254901960784,0.9215686274509803,1,1],"ix":4},"o":{"a":0,"k":100,"ix":5},"r":1,"nm":"Fill 1","mn":"ADBE Vector Graphic - Fill","hd":false},{"ty":"tr","p":{"a":0,"k":[12.482,12.483],"ix":2},"a":{"a":0,"k":[0,0],"ix":1},"s":{"a":0,"k":[100,100],"ix":3},"r":{"a":0,"k":0,"ix":6},"o":{"a":0,"k":100,"ix":7},"sk":{"a":0,"k":0,"ix":4},"sa":{"a":0,"k":0,"ix":5},"nm":"Transform"}],"nm":"Group 1","np":2,"cix":2,"ix":1,"mn":"ADBE Vector Group","hd":false}],"ip":0,"op":301.000012259981,"st":0,"bm":0},{"ddd":0,"ind":6,"ty":4,"nm":"2nd bars Outlines","sr":1,"ks":{"o":{"a":0,"k":100,"ix":11},"r":{"a":0,"k":0,"ix":10},"p":{"a":0,"k":[33.704,140.706,0],"ix":2},"a":{"a":0,"k":[0.083,6.701,0],"ix":1},"s":{"a":1,"k":[{"i":{"x":[0.667,0.667,0.667],"y":[1,1,1]},"o":{"x":[0.333,0.333,0.333],"y":[0,0,0]},"n":["0p667_1_0p333_0","0p667_1_0p333_0","0p667_1_0p333_0"],"t":17,"s":[0,100,100],"e":[100,100,100]},{"t":30.0000012219251}],"ix":6}},"ao":0,"shapes":[{"ty":"gr","it":[{"ind":0,"ty":"sh","ix":1,"ks":{"a":0,"k":{"i":[[0.575,0],[0,0],[0,0.575],[0,0],[-0.575,0],[0,0],[0,-0.574],[0,0]],"o":[[0,0],[-0.575,0],[0,0],[0,-0.574],[0,0],[0.575,0],[0,0],[0,0.575]],"v":[[19.318,1.927],[-19.319,1.927],[-20.36,0.886],[-20.36,-0.886],[-19.319,-1.927],[19.318,-1.927],[20.36,-0.886],[20.36,0.886]],"c":true},"ix":2},"nm":"Path 1","mn":"ADBE Vector Shape - Group","hd":false},{"ty":"fl","c":{"a":0,"k":[0.9137254901960784,0.9215686274509803,1,1],"ix":4},"o":{"a":0,"k":100,"ix":5},"r":1,"nm":"Fill 1","mn":"ADBE Vector Graphic - Fill","hd":false},{"ty":"tr","p":{"a":0,"k":[20.611,11.226],"ix":2},"a":{"a":0,"k":[0,0],"ix":1},"s":{"a":0,"k":[100,100],"ix":3},"r":{"a":0,"k":0,"ix":6},"o":{"a":0,"k":100,"ix":7},"sk":{"a":0,"k":0,"ix":4},"sa":{"a":0,"k":0,"ix":5},"nm":"Transform"}],"nm":"Group 1","np":2,"cix":2,"ix":1,"mn":"ADBE Vector Group","hd":false},{"ty":"gr","it":[{"ind":0,"ty":"sh","ix":1,"ks":{"a":0,"k":{"i":[[0.576,0],[0,0],[0,0.576],[0,0],[-0.575,0],[0,0],[0,-0.575],[0,0]],"o":[[0,0],[-0.575,0],[0,0],[0,-0.575],[0,0],[0.576,0],[0,0],[0,0.576]],"v":[[33.291,1.927],[-33.291,1.927],[-34.333,0.885],[-34.333,-0.885],[-33.291,-1.927],[33.291,-1.927],[34.333,-0.885],[34.333,0.885]],"c":true},"ix":2},"nm":"Path 1","mn":"ADBE Vector Shape - Group","hd":false},{"ty":"fl","c":{"a":0,"k":[0.9137254901960784,0.9215686274509803,1,1],"ix":4},"o":{"a":0,"k":100,"ix":5},"r":1,"nm":"Fill 1","mn":"ADBE Vector Graphic - Fill","hd":false},{"ty":"tr","p":{"a":0,"k":[34.583,2.177],"ix":2},"a":{"a":0,"k":[0,0],"ix":1},"s":{"a":0,"k":[100,100],"ix":3},"r":{"a":0,"k":0,"ix":6},"o":{"a":0,"k":100,"ix":7},"sk":{"a":0,"k":0,"ix":4},"sa":{"a":0,"k":0,"ix":5},"nm":"Transform"}],"nm":"Group 2","np":2,"cix":2,"ix":2,"mn":"ADBE Vector Group","hd":false}],"ip":0,"op":301.000012259981,"st":0,"bm":0},{"ddd":0,"ind":7,"ty":4,"nm":"2nd box Outlines","sr":1,"ks":{"o":{"a":0,"k":100,"ix":11},"r":{"a":0,"k":0,"ix":10},"p":{"a":0,"k":[22.464,166.55,0],"ix":2},"a":{"a":0,"k":[0.035,0.021,0],"ix":1},"s":{"a":1,"k":[{"i":{"x":[0,0,0.667],"y":[1,1,1]},"o":{"x":[0.333,0.333,0.333],"y":[0,0,0]},"n":["0_1_0p333_0","0_1_0p333_0","0p667_1_0p333_0"],"t":16,"s":[0,0,100],"e":[100,100,100]},{"t":35.0000014255792}],"ix":6}},"ao":0,"shapes":[{"ty":"gr","it":[{"ind":0,"ty":"sh","ix":1,"ks":{"a":0,"k":{"i":[[1.698,0],[0,0],[0,1.697],[0,0],[-1.7,0],[0,0],[0,-1.698],[0,0]],"o":[[0,0],[-1.7,0],[0,0],[0,-1.698],[0,0],[1.698,0],[0,0],[0,1.697]],"v":[[41.711,40.271],[-41.71,40.271],[-44.786,37.197],[-44.786,-37.196],[-41.71,-40.271],[41.711,-40.271],[44.786,-37.196],[44.786,37.197]],"c":true},"ix":2},"nm":"Path 1","mn":"ADBE Vector Shape - Group","hd":false},{"ty":"fl","c":{"a":0,"k":[1,1,1,1],"ix":4},"o":{"a":0,"k":100,"ix":5},"r":1,"nm":"Fill 1","mn":"ADBE Vector Graphic - Fill","hd":false},{"ty":"tr","p":{"a":0,"k":[45.035,40.52],"ix":2},"a":{"a":0,"k":[0,0],"ix":1},"s":{"a":0,"k":[100,100],"ix":3},"r":{"a":0,"k":0,"ix":6},"o":{"a":0,"k":100,"ix":7},"sk":{"a":0,"k":0,"ix":4},"sa":{"a":0,"k":0,"ix":5},"nm":"Transform"}],"nm":"Group 1","np":2,"cix":2,"ix":1,"mn":"ADBE Vector Group","hd":false}],"ip":0,"op":301.000012259981,"st":0,"bm":0},{"ddd":0,"ind":8,"ty":4,"nm":"1st box Outlines","sr":1,"ks":{"o":{"a":0,"k":100,"ix":11},"r":{"a":0,"k":0,"ix":10},"p":{"a":0,"k":[24.74,92.241,0],"ix":2},"a":{"a":0,"k":[1.243,-0.049,0],"ix":1},"s":{"a":1,"k":[{"i":{"x":[0,0,0.667],"y":[1,1,1]},"o":{"x":[0.333,0.333,0.333],"y":[0,0,0]},"n":["0_1_0p333_0","0_1_0p333_0","0p667_1_0p333_0"],"t":7,"s":[0,0,100],"e":[100,100,100]},{"t":26.0000010590017}],"ix":6}},"ao":0,"shapes":[{"ty":"gr","it":[{"ind":0,"ty":"sh","ix":1,"ks":{"a":0,"k":{"i":[[1.698,0],[0,0],[0,1.698],[0,0],[-1.698,0],[0,0],[0,-1.698],[0,0]],"o":[[0,0],[-1.698,0],[0,0],[0,-1.698],[0,0],[1.698,0],[0,0],[0,1.698]],"v":[[41.418,32.201],[-41.418,32.201],[-44.493,29.126],[-44.493,-29.126],[-41.418,-32.201],[41.418,-32.201],[44.493,-29.126],[44.493,29.126]],"c":true},"ix":2},"nm":"Path 1","mn":"ADBE Vector Shape - Group","hd":false},{"ty":"fl","c":{"a":0,"k":[1,1,1,1],"ix":4},"o":{"a":0,"k":100,"ix":5},"r":1,"nm":"Fill 1","mn":"ADBE Vector Graphic - Fill","hd":false},{"ty":"tr","p":{"a":0,"k":[44.743,32.452],"ix":2},"a":{"a":0,"k":[0,0],"ix":1},"s":{"a":0,"k":[100,100],"ix":3},"r":{"a":0,"k":0,"ix":6},"o":{"a":0,"k":100,"ix":7},"sk":{"a":0,"k":0,"ix":4},"sa":{"a":0,"k":0,"ix":5},"nm":"Transform"}],"nm":"Group 1","np":2,"cix":2,"ix":1,"mn":"ADBE Vector Group","hd":false}],"ip":0,"op":301.000012259981,"st":0,"bm":0}]},{"id":"comp_3","layers":[{"ddd":0,"ind":1,"ty":4,"nm":"Top Bar","sr":1,"ks":{"o":{"a":0,"k":100,"ix":11},"r":{"a":0,"k":0,"ix":10},"p":{"a":0,"k":[257.221,206.525,0],"ix":2},"a":{"a":0,"k":[0.235,4.815,0],"ix":1},"s":{"a":1,"k":[{"i":{"x":[0.667,0.667,0.667],"y":[1,1,1]},"o":{"x":[0.333,0.333,0.333],"y":[0,0,0]},"n":["0p667_1_0p333_0","0p667_1_0p333_0","0p667_1_0p333_0"],"t":4,"s":[0,100,100],"e":[100,100,100]},{"t":18.000000733155}],"ix":6}},"ao":0,"shapes":[{"ty":"gr","it":[{"ind":0,"ty":"sh","ix":1,"ks":{"a":0,"k":{"i":[[1.447,0],[0,0],[0,1.447],[0,0],[-1.448,0],[0,0],[0,-1.447],[0,0]],"o":[[0,0],[-1.448,0],[0,0],[0,-1.447],[0,0],[1.447,0],[0,0],[0,1.447]],"v":[[22.615,4.565],[-22.614,4.565],[-25.235,1.945],[-25.235,-1.946],[-22.614,-4.565],[22.615,-4.565],[25.235,-1.946],[25.235,1.945]],"c":true},"ix":2},"nm":"Path 1","mn":"ADBE Vector Shape - Group","hd":false},{"ty":"fl","c":{"a":0,"k":[0,0.40784313725490196,0.9803921568627451,1],"ix":4},"o":{"a":0,"k":100,"ix":5},"r":1,"nm":"Fill 1","mn":"ADBE Vector Graphic - Fill","hd":false},{"ty":"tr","p":{"a":0,"k":[25.485,4.815],"ix":2},"a":{"a":0,"k":[0,0],"ix":1},"s":{"a":0,"k":[100,100],"ix":3},"r":{"a":0,"k":0,"ix":6},"o":{"a":0,"k":100,"ix":7},"sk":{"a":0,"k":0,"ix":4},"sa":{"a":0,"k":0,"ix":5},"nm":"Transform"}],"nm":"Group 1","np":2,"cix":2,"ix":1,"mn":"ADBE Vector Group","hd":false}],"ip":0,"op":301.000012259981,"st":0,"bm":0},{"ddd":0,"ind":2,"ty":4,"nm":"Left upper bars","sr":1,"ks":{"o":{"a":0,"k":100,"ix":11},"r":{"a":0,"k":0,"ix":10},"p":{"a":0,"k":[257.703,221.955,0],"ix":2},"a":{"a":0,"k":[0.229,8.214,0],"ix":1},"s":{"a":1,"k":[{"i":{"x":[0.667,0.667,0.667],"y":[1,1,1]},"o":{"x":[0.333,0.333,0.333],"y":[0,0,0]},"n":["0p667_1_0p333_0","0p667_1_0p333_0","0p667_1_0p333_0"],"t":14,"s":[0,100,100],"e":[100,100,100]},{"t":28.0000011404634}],"ix":6}},"ao":0,"shapes":[{"ty":"gr","it":[{"ind":0,"ty":"sh","ix":1,"ks":{"a":0,"k":{"i":[[0.575,0],[0,0],[0,0.576],[0,0],[-0.575,0],[0,0],[0,-0.576],[0,0]],"o":[[0,0],[-0.575,0],[0,0],[0,-0.576],[0,0],[0.575,0],[0,0],[0,0.576]],"v":[[23.812,1.091],[-23.812,1.091],[-24.854,0.049],[-24.854,-0.049],[-23.812,-1.091],[23.812,-1.091],[24.854,-0.049],[24.854,0.049]],"c":true},"ix":2},"nm":"Path 1","mn":"ADBE Vector Shape - Group","hd":false},{"ty":"fl","c":{"a":0,"k":[1,1,1,1],"ix":4},"o":{"a":0,"k":100,"ix":5},"r":1,"nm":"Fill 1","mn":"ADBE Vector Graphic - Fill","hd":false},{"ty":"tr","p":{"a":0,"k":[25.104,8.185],"ix":2},"a":{"a":0,"k":[0,0],"ix":1},"s":{"a":0,"k":[100,100],"ix":3},"r":{"a":0,"k":0,"ix":6},"o":{"a":0,"k":100,"ix":7},"sk":{"a":0,"k":0,"ix":4},"sa":{"a":0,"k":0,"ix":5},"nm":"Transform"}],"nm":"Group 1","np":2,"cix":2,"ix":1,"mn":"ADBE Vector Group","hd":false},{"ty":"gr","it":[{"ind":0,"ty":"sh","ix":1,"ks":{"a":0,"k":{"i":[[0.576,0],[0,0],[0,0.576],[0,0],[-0.575,0],[0,0],[0,-0.575],[0,0]],"o":[[0,0],[-0.575,0],[0,0],[0,-0.575],[0,0],[0.576,0],[0,0],[0,0.576]],"v":[[19.236,1.091],[-19.236,1.091],[-20.278,0.049],[-20.278,-0.049],[-19.236,-1.091],[19.236,-1.091],[20.278,-0.049],[20.278,0.049]],"c":true},"ix":2},"nm":"Path 1","mn":"ADBE Vector Shape - Group","hd":false},{"ty":"fl","c":{"a":0,"k":[1,1,1,1],"ix":4},"o":{"a":0,"k":100,"ix":5},"r":1,"nm":"Fill 1","mn":"ADBE Vector Graphic - Fill","hd":false},{"ty":"tr","p":{"a":0,"k":[20.528,15.086],"ix":2},"a":{"a":0,"k":[0,0],"ix":1},"s":{"a":0,"k":[100,100],"ix":3},"r":{"a":0,"k":0,"ix":6},"o":{"a":0,"k":100,"ix":7},"sk":{"a":0,"k":0,"ix":4},"sa":{"a":0,"k":0,"ix":5},"nm":"Transform"}],"nm":"Group 2","np":2,"cix":2,"ix":2,"mn":"ADBE Vector Group","hd":false},{"ty":"gr","it":[{"ind":0,"ty":"sh","ix":1,"ks":{"a":0,"k":{"i":[[0.576,0],[0,0],[0,0.576],[0,0],[-0.575,0],[0,0],[0,-0.576],[0,0]],"o":[[0,0],[-0.575,0],[0,0],[0,-0.576],[0,0],[0.576,0],[0,0],[0,0.576]],"v":[[19.236,1.091],[-19.236,1.091],[-20.278,0.049],[-20.278,-0.049],[-19.236,-1.091],[19.236,-1.091],[20.278,-0.049],[20.278,0.049]],"c":true},"ix":2},"nm":"Path 1","mn":"ADBE Vector Shape - Group","hd":false},{"ty":"fl","c":{"a":0,"k":[1,1,1,1],"ix":4},"o":{"a":0,"k":100,"ix":5},"r":1,"nm":"Fill 1","mn":"ADBE Vector Graphic - Fill","hd":false},{"ty":"tr","p":{"a":0,"k":[20.528,1.342],"ix":2},"a":{"a":0,"k":[0,0],"ix":1},"s":{"a":0,"k":[100,100],"ix":3},"r":{"a":0,"k":0,"ix":6},"o":{"a":0,"k":100,"ix":7},"sk":{"a":0,"k":0,"ix":4},"sa":{"a":0,"k":0,"ix":5},"nm":"Transform"}],"nm":"Group 3","np":2,"cix":2,"ix":3,"mn":"ADBE Vector Group","hd":false}],"ip":0,"op":301.000012259981,"st":0,"bm":0},{"ddd":0,"ind":3,"ty":4,"nm":"Blue Square","sr":1,"ks":{"o":{"a":0,"k":100,"ix":11},"r":{"a":0,"k":0,"ix":10},"p":{"a":0,"k":[332.646,219.06,0],"ix":2},"a":{"a":0,"k":[12.785,12.785,0],"ix":1},"s":{"a":1,"k":[{"i":{"x":[0,0,0.667],"y":[1,1,1]},"o":{"x":[0.333,0.333,0.333],"y":[0,0,0]},"n":["0_1_0p333_0","0_1_0p333_0","0p667_1_0p333_0"],"t":52,"s":[0,0,100],"e":[100,100,100]},{"t":65.0000026475043}],"ix":6}},"ao":0,"shapes":[{"ty":"gr","it":[{"ind":0,"ty":"sh","ix":1,"ks":{"a":0,"k":{"i":[[2.499,0],[0,0],[0,2.498],[0,0],[-2.499,0],[0,0],[0,-2.498],[0,0]],"o":[[0,0],[-2.499,0],[0,0],[0,-2.498],[0,0],[2.499,0],[0,0],[0,2.498]],"v":[[8.012,12.535],[-8.01,12.535],[-12.536,8.012],[-12.536,-8.012],[-8.01,-12.535],[8.012,-12.535],[12.536,-8.012],[12.536,8.012]],"c":true},"ix":2},"nm":"Path 1","mn":"ADBE Vector Shape - Group","hd":false},{"ty":"fl","c":{"a":0,"k":[0,0.40784313725490196,0.9803921568627451,1],"ix":4},"o":{"a":0,"k":100,"ix":5},"r":1,"nm":"Fill 1","mn":"ADBE Vector Graphic - Fill","hd":false},{"ty":"tr","p":{"a":0,"k":[12.785,12.786],"ix":2},"a":{"a":0,"k":[0,0],"ix":1},"s":{"a":0,"k":[100,100],"ix":3},"r":{"a":0,"k":0,"ix":6},"o":{"a":0,"k":100,"ix":7},"sk":{"a":0,"k":0,"ix":4},"sa":{"a":0,"k":0,"ix":5},"nm":"Transform"}],"nm":"Group 1","np":2,"cix":2,"ix":1,"mn":"ADBE Vector Group","hd":false}],"ip":0,"op":301.000012259981,"st":0,"bm":0},{"ddd":0,"ind":4,"ty":4,"nm":"Ash Rect","sr":1,"ks":{"o":{"a":0,"k":100,"ix":11},"r":{"a":0,"k":0,"ix":10},"p":{"a":0,"k":[366.982,219.058,0],"ix":2},"a":{"a":0,"k":[18.935,11.738,0],"ix":1},"s":{"a":1,"k":[{"i":{"x":[0.278,0.278,0.667],"y":[1,1,1]},"o":{"x":[0.333,0.333,0.333],"y":[0,0,0]},"n":["0p278_1_0p333_0","0p278_1_0p333_0","0p667_1_0p333_0"],"t":59,"s":[0,0,100],"e":[100,100,100]},{"t":71.0000028918893}],"ix":6}},"ao":0,"shapes":[{"ty":"gr","it":[{"ind":0,"ty":"sh","ix":1,"ks":{"a":0,"k":{"i":[[2.29,0],[0,0],[0,2.29],[0,0],[-2.29,0],[0,0],[0,-2.29],[0,0]],"o":[[0,0],[-2.29,0],[0,0],[0,-2.29],[0,0],[2.29,0],[0,0],[0,2.29]],"v":[[14.539,11.488],[-14.538,11.488],[-18.685,7.342],[-18.684,-7.342],[-14.538,-11.488],[14.539,-11.488],[18.685,-7.342],[18.685,7.342]],"c":true},"ix":2},"nm":"Path 1","mn":"ADBE Vector Shape - Group","hd":false},{"ty":"fl","c":{"a":0,"k":[0.9137254901960784,0.9215686274509803,1,1],"ix":4},"o":{"a":0,"k":100,"ix":5},"r":1,"nm":"Fill 1","mn":"ADBE Vector Graphic - Fill","hd":false},{"ty":"tr","p":{"a":0,"k":[18.935,11.738],"ix":2},"a":{"a":0,"k":[0,0],"ix":1},"s":{"a":0,"k":[100,100],"ix":3},"r":{"a":0,"k":0,"ix":6},"o":{"a":0,"k":100,"ix":7},"sk":{"a":0,"k":0,"ix":4},"sa":{"a":0,"k":0,"ix":5},"nm":"Transform"}],"nm":"Group 1","np":2,"cix":2,"ix":1,"mn":"ADBE Vector Group","hd":false}],"ip":0,"op":301.000012259981,"st":0,"bm":0},{"ddd":0,"ind":5,"ty":4,"nm":"Right bars","sr":1,"ks":{"o":{"a":0,"k":100,"ix":11},"r":{"a":0,"k":0,"ix":10},"p":{"a":0,"k":[320.306,250,0],"ix":2},"a":{"a":0,"k":[0.229,8.214,0],"ix":1},"s":{"a":1,"k":[{"i":{"x":[0.667,0.667,0.667],"y":[1,1,1]},"o":{"x":[0.333,0.333,0.333],"y":[0,0,0]},"n":["0p667_1_0p333_0","0p667_1_0p333_0","0p667_1_0p333_0"],"t":71,"s":[0,100,100],"e":[100,100,100]},{"t":84.0000034213901}],"ix":6}},"ao":0,"shapes":[{"ty":"gr","it":[{"ind":0,"ty":"sh","ix":1,"ks":{"a":0,"k":{"i":[[0.575,0],[0,0],[0,0.576],[0,0],[-0.575,0],[0,0],[0,-0.576],[0,0]],"o":[[0,0],[-0.575,0],[0,0],[0,-0.576],[0,0],[0.575,0],[0,0],[0,0.576]],"v":[[23.812,1.092],[-23.812,1.092],[-24.854,0.05],[-24.854,-0.049],[-23.812,-1.092],[23.812,-1.092],[24.854,-0.049],[24.854,0.05]],"c":true},"ix":2},"nm":"Path 1","mn":"ADBE Vector Shape - Group","hd":false},{"ty":"fl","c":{"a":0,"k":[0.9137254901960784,0.9215686274509803,1,1],"ix":4},"o":{"a":0,"k":100,"ix":5},"r":1,"nm":"Fill 1","mn":"ADBE Vector Graphic - Fill","hd":false},{"ty":"tr","p":{"a":0,"k":[25.104,8.185],"ix":2},"a":{"a":0,"k":[0,0],"ix":1},"s":{"a":0,"k":[100,100],"ix":3},"r":{"a":0,"k":0,"ix":6},"o":{"a":0,"k":100,"ix":7},"sk":{"a":0,"k":0,"ix":4},"sa":{"a":0,"k":0,"ix":5},"nm":"Transform"}],"nm":"Group 1","np":2,"cix":2,"ix":1,"mn":"ADBE Vector Group","hd":false},{"ty":"gr","it":[{"ind":0,"ty":"sh","ix":1,"ks":{"a":0,"k":{"i":[[0.576,0],[0,0],[0,0.575],[0,0],[-0.575,0],[0,0],[0,-0.575],[0,0]],"o":[[0,0],[-0.575,0],[0,0],[0,-0.575],[0,0],[0.576,0],[0,0],[0,0.575]],"v":[[19.236,1.092],[-19.236,1.092],[-20.278,0.05],[-20.278,-0.051],[-19.236,-1.092],[19.236,-1.092],[20.278,-0.051],[20.278,0.05]],"c":true},"ix":2},"nm":"Path 1","mn":"ADBE Vector Shape - Group","hd":false},{"ty":"fl","c":{"a":0,"k":[0.9137254901960784,0.9215686274509803,1,1],"ix":4},"o":{"a":0,"k":100,"ix":5},"r":1,"nm":"Fill 1","mn":"ADBE Vector Graphic - Fill","hd":false},{"ty":"tr","p":{"a":0,"k":[20.528,15.086],"ix":2},"a":{"a":0,"k":[0,0],"ix":1},"s":{"a":0,"k":[100,100],"ix":3},"r":{"a":0,"k":0,"ix":6},"o":{"a":0,"k":100,"ix":7},"sk":{"a":0,"k":0,"ix":4},"sa":{"a":0,"k":0,"ix":5},"nm":"Transform"}],"nm":"Group 2","np":2,"cix":2,"ix":2,"mn":"ADBE Vector Group","hd":false},{"ty":"gr","it":[{"ind":0,"ty":"sh","ix":1,"ks":{"a":0,"k":{"i":[[0.576,0],[0,0],[0,0.576],[0,0],[-0.575,0],[0,0],[0,-0.575],[0,0]],"o":[[0,0],[-0.575,0],[0,0],[0,-0.575],[0,0],[0.576,0],[0,0],[0,0.576]],"v":[[19.236,1.092],[-19.236,1.092],[-20.278,0.05],[-20.278,-0.05],[-19.236,-1.092],[19.236,-1.092],[20.278,-0.05],[20.278,0.05]],"c":true},"ix":2},"nm":"Path 1","mn":"ADBE Vector Shape - Group","hd":false},{"ty":"fl","c":{"a":0,"k":[0.9137254901960784,0.9215686274509803,1,1],"ix":4},"o":{"a":0,"k":100,"ix":5},"r":1,"nm":"Fill 1","mn":"ADBE Vector Graphic - Fill","hd":false},{"ty":"tr","p":{"a":0,"k":[20.528,1.341],"ix":2},"a":{"a":0,"k":[0,0],"ix":1},"s":{"a":0,"k":[100,100],"ix":3},"r":{"a":0,"k":0,"ix":6},"o":{"a":0,"k":100,"ix":7},"sk":{"a":0,"k":0,"ix":4},"sa":{"a":0,"k":0,"ix":5},"nm":"Transform"}],"nm":"Group 3","np":2,"cix":2,"ix":3,"mn":"ADBE Vector Group","hd":false}],"ip":0,"op":301.000012259981,"st":0,"bm":0},{"ddd":0,"ind":6,"ty":4,"nm":"Left Circle","sr":1,"ks":{"o":{"a":0,"k":100,"ix":11},"r":{"a":0,"k":0,"ix":10},"p":{"a":0,"k":[268.741,243.617,0],"ix":2},"a":{"a":0,"k":[7.179,7.18,0],"ix":1},"s":{"a":1,"k":[{"i":{"x":[0.056,0.056,0.667],"y":[1,1,1]},"o":{"x":[0.333,0.333,0.333],"y":[0,0,0]},"n":["0p056_1_0p333_0","0p056_1_0p333_0","0p667_1_0p333_0"],"t":53,"s":[0,0,100],"e":[100,100,100]},{"t":65.0000026475043}],"ix":6}},"ao":0,"shapes":[{"ty":"gr","it":[{"ind":0,"ty":"sh","ix":1,"ks":{"a":0,"k":{"i":[[0,-3.827],[3.827,0],[0,3.827],[-3.826,0]],"o":[[0,3.827],[-3.826,0],[0,-3.827],[3.827,0]],"v":[[6.929,-0.001],[-0.001,6.93],[-6.929,-0.001],[-0.001,-6.93]],"c":true},"ix":2},"nm":"Path 1","mn":"ADBE Vector Shape - Group","hd":false},{"ty":"fl","c":{"a":0,"k":[0.9137254901960784,0.9215686274509803,1,1],"ix":4},"o":{"a":0,"k":100,"ix":5},"r":1,"nm":"Fill 1","mn":"ADBE Vector Graphic - Fill","hd":false},{"ty":"tr","p":{"a":0,"k":[7.179,7.18],"ix":2},"a":{"a":0,"k":[0,0],"ix":1},"s":{"a":0,"k":[100,100],"ix":3},"r":{"a":0,"k":0,"ix":6},"o":{"a":0,"k":100,"ix":7},"sk":{"a":0,"k":0,"ix":4},"sa":{"a":0,"k":0,"ix":5},"nm":"Transform"}],"nm":"Group 1","np":2,"cix":2,"ix":1,"mn":"ADBE Vector Group","hd":false}],"ip":0,"op":301.000012259981,"st":0,"bm":0},{"ddd":0,"ind":7,"ty":4,"nm":"Left lower bars","sr":1,"ks":{"o":{"a":0,"k":100,"ix":11},"r":{"a":0,"k":0,"ix":10},"p":{"a":0,"k":[263.026,260.639,0],"ix":2},"a":{"a":0,"k":[1.53,23.551,0],"ix":1},"s":{"a":1,"k":[{"i":{"x":[0.667,0.667,0.667],"y":[1,1,1]},"o":{"x":[0.333,0.333,0.333],"y":[0,0,0]},"n":["0p667_1_0p333_0","0p667_1_0p333_0","0p667_1_0p333_0"],"t":61,"s":[0,100,100],"e":[100,100,100]},{"t":77.0000031362743}],"ix":6}},"ao":0,"shapes":[{"ty":"gr","it":[{"ind":0,"ty":"sh","ix":1,"ks":{"a":0,"k":{"i":[[0.575,0],[0,0],[0,0.575],[0,0],[-0.576,0],[0,0],[0,-0.575],[0,0]],"o":[[0,0],[-0.576,0],[0,0],[0,-0.575],[0,0],[0.575,0],[0,0],[0,0.575]],"v":[[10.491,1.092],[-10.491,1.092],[-11.533,0.05],[-11.533,-0.05],[-10.491,-1.092],[10.491,-1.092],[11.533,-0.05],[11.533,0.05]],"c":true},"ix":2},"nm":"Path 1","mn":"ADBE Vector Shape - Group","hd":false},{"ty":"fl","c":{"a":0,"k":[0.9137254901960784,0.9215686274509803,1,1],"ix":4},"o":{"a":0,"k":100,"ix":5},"r":1,"nm":"Fill 1","mn":"ADBE Vector Graphic - Fill","hd":false},{"ty":"tr","p":{"a":0,"k":[13.072,25.886],"ix":2},"a":{"a":0,"k":[0,0],"ix":1},"s":{"a":0,"k":[100,100],"ix":3},"r":{"a":0,"k":0,"ix":6},"o":{"a":0,"k":100,"ix":7},"sk":{"a":0,"k":0,"ix":4},"sa":{"a":0,"k":0,"ix":5},"nm":"Transform"}],"nm":"Group 2","np":2,"cix":2,"ix":1,"mn":"ADBE Vector Group","hd":false},{"ty":"gr","it":[{"ind":0,"ty":"sh","ix":1,"ks":{"a":0,"k":{"i":[[0.575,0],[0,0],[0,0.575],[0,0],[-0.575,0],[0,0],[0,-0.575],[0,0]],"o":[[0,0],[-0.575,0],[0,0],[0,-0.575],[0,0],[0.575,0],[0,0],[0,0.575]],"v":[[18.406,1.092],[-18.407,1.092],[-19.448,0.05],[-19.448,-0.051],[-18.407,-1.092],[18.406,-1.092],[19.448,-0.051],[19.448,0.05]],"c":true},"ix":2},"nm":"Path 1","mn":"ADBE Vector Shape - Group","hd":false},{"ty":"fl","c":{"a":0,"k":[0.9137254901960784,0.9215686274509803,1,1],"ix":4},"o":{"a":0,"k":100,"ix":5},"r":1,"nm":"Fill 1","mn":"ADBE Vector Graphic - Fill","hd":false},{"ty":"tr","p":{"a":0,"k":[20.987,20.76],"ix":2},"a":{"a":0,"k":[0,0],"ix":1},"s":{"a":0,"k":[100,100],"ix":3},"r":{"a":0,"k":0,"ix":6},"o":{"a":0,"k":100,"ix":7},"sk":{"a":0,"k":0,"ix":4},"sa":{"a":0,"k":0,"ix":5},"nm":"Transform"}],"nm":"Group 3","np":2,"cix":2,"ix":2,"mn":"ADBE Vector Group","hd":false}],"ip":0,"op":301.000012259981,"st":0,"bm":0},{"ddd":0,"ind":8,"ty":4,"nm":"Left lower box","sr":1,"ks":{"o":{"a":0,"k":100,"ix":11},"r":{"a":0,"k":0,"ix":10},"p":{"a":0,"k":[257.503,233.618,0],"ix":2},"a":{"a":0,"k":[0.453,0.741,0],"ix":1},"s":{"a":1,"k":[{"i":{"x":[0.088,0.088,0.667],"y":[1,1,1]},"o":{"x":[0.333,0.333,0.333],"y":[0,0,0]},"n":["0p088_1_0p333_0","0p088_1_0p333_0","0p667_1_0p333_0"],"t":36,"s":[0,0,100],"e":[100,100,100]},{"t":55.0000022401959}],"ix":6}},"ao":0,"shapes":[{"ty":"gr","it":[{"ind":0,"ty":"sh","ix":1,"ks":{"a":0,"k":{"i":[[1.697,0],[0,0],[0,1.698],[0,0],[-1.698,0],[0,0],[0,-1.698],[0,0]],"o":[[0,0],[-1.698,0],[0,0],[0,-1.698],[0,0],[1.697,0],[0,0],[0,1.698]],"v":[[22.129,18.24],[-22.129,18.24],[-25.203,15.165],[-25.203,-15.166],[-22.129,-18.24],[22.129,-18.24],[25.203,-15.166],[25.203,15.165]],"c":true},"ix":2},"nm":"Path 1","mn":"ADBE Vector Shape - Group","hd":false},{"ty":"fl","c":{"a":0,"k":[1,1,1,1],"ix":4},"o":{"a":0,"k":100,"ix":5},"r":1,"nm":"Fill 1","mn":"ADBE Vector Graphic - Fill","hd":false},{"ty":"tr","p":{"a":0,"k":[25.453,18.491],"ix":2},"a":{"a":0,"k":[0,0],"ix":1},"s":{"a":0,"k":[100,100],"ix":3},"r":{"a":0,"k":0,"ix":6},"o":{"a":0,"k":100,"ix":7},"sk":{"a":0,"k":0,"ix":4},"sa":{"a":0,"k":0,"ix":5},"nm":"Transform"}],"nm":"Group 1","np":2,"cix":2,"ix":1,"mn":"ADBE Vector Group","hd":false}],"ip":0,"op":301.000012259981,"st":0,"bm":0},{"ddd":0,"ind":9,"ty":4,"nm":"Right box","sr":1,"ks":{"o":{"a":0,"k":100,"ix":11},"r":{"a":0,"k":0,"ix":10},"p":{"a":0,"k":[316.311,202.534,0],"ix":2},"a":{"a":0,"k":[1.117,0.825,0],"ix":1},"s":{"a":1,"k":[{"i":{"x":[0,0,0.667],"y":[1,1,1]},"o":{"x":[0.333,0.333,0.333],"y":[0,0,0]},"n":["0_1_0p333_0","0_1_0p333_0","0p667_1_0p333_0"],"t":41,"s":[0,0,100],"e":[100,100,100]},{"t":60.0000024438501}],"ix":6}},"ao":0,"shapes":[{"ty":"gr","it":[{"ind":0,"ty":"sh","ix":1,"ks":{"a":0,"k":{"i":[[1.698,0],[0,0],[0,1.698],[0,0],[-1.698,0],[0,0],[0,-1.698],[0,0]],"o":[[0,0],[-1.698,0],[0,0],[0,-1.698],[0,0],[1.698,0],[0,0],[0,1.698]],"v":[[34.542,33.824],[-34.542,33.824],[-37.617,30.749],[-37.617,-30.749],[-34.542,-33.824],[34.542,-33.824],[37.617,-30.749],[37.617,30.749]],"c":true},"ix":2},"nm":"Path 1","mn":"ADBE Vector Shape - Group","hd":false},{"ty":"fl","c":{"a":0,"k":[1,1,1,1],"ix":4},"o":{"a":0,"k":100,"ix":5},"r":1,"nm":"Fill 1","mn":"ADBE Vector Graphic - Fill","hd":false},{"ty":"tr","p":{"a":0,"k":[37.866,34.075],"ix":2},"a":{"a":0,"k":[0,0],"ix":1},"s":{"a":0,"k":[100,100],"ix":3},"r":{"a":0,"k":0,"ix":6},"o":{"a":0,"k":100,"ix":7},"sk":{"a":0,"k":0,"ix":4},"sa":{"a":0,"k":0,"ix":5},"nm":"Transform"}],"nm":"Group 1","np":2,"cix":2,"ix":1,"mn":"ADBE Vector Group","hd":false}],"ip":0,"op":301.000012259981,"st":0,"bm":0},{"ddd":0,"ind":10,"ty":0,"nm":"Monitor","refId":"comp_4","sr":1,"ks":{"o":{"a":0,"k":100,"ix":11},"r":{"a":0,"k":0,"ix":10},"p":{"a":0,"k":[250,250,0],"ix":2},"a":{"a":0,"k":[250,250,0],"ix":1},"s":{"a":0,"k":[100,100,100],"ix":6}},"ao":0,"w":500,"h":500,"ip":0,"op":301.000012259981,"st":0,"bm":0}]},{"id":"comp_4","layers":[{"ddd":0,"ind":1,"ty":4,"nm":"Monitor Base","sr":1,"ks":{"o":{"a":0,"k":100,"ix":11},"r":{"a":0,"k":0,"ix":10},"p":{"a":0,"k":[323.109,317.478,0],"ix":2},"a":{"a":0,"k":[32.034,2.696,0],"ix":1},"s":{"a":0,"k":[100,100,100],"ix":6}},"ao":0,"shapes":[{"ty":"gr","it":[{"ind":0,"ty":"sh","ix":1,"ks":{"a":0,"k":{"i":[[0,-2.701],[0,0],[-2.701,0],[0,0]],"o":[[0,0],[0,-2.701],[0,0],[2.703,0]],"v":[[31.784,2.446],[-31.784,2.446],[-26.893,-2.446],[26.891,-2.446]],"c":true},"ix":2},"nm":"Path 1","mn":"ADBE Vector Shape - Group","hd":false},{"ty":"fl","c":{"a":0,"k":[1,1,1,1],"ix":4},"o":{"a":0,"k":100,"ix":5},"r":1,"nm":"Fill 1","mn":"ADBE Vector Graphic - Fill","hd":false},{"ty":"tr","p":{"a":0,"k":[32.034,2.696],"ix":2},"a":{"a":0,"k":[0,0],"ix":1},"s":{"a":0,"k":[100,100],"ix":3},"r":{"a":0,"k":0,"ix":6},"o":{"a":0,"k":100,"ix":7},"sk":{"a":0,"k":0,"ix":4},"sa":{"a":0,"k":0,"ix":5},"nm":"Transform"}],"nm":"Group 1","np":2,"cix":2,"ix":1,"mn":"ADBE Vector Group","hd":false}],"ip":0,"op":301.000012259981,"st":0,"bm":0},{"ddd":0,"ind":2,"ty":4,"nm":"Mouse","sr":1,"ks":{"o":{"a":0,"k":100,"ix":11},"r":{"a":0,"k":0,"ix":10},"p":{"a":0,"k":[350.121,336.072,0],"ix":2},"a":{"a":0,"k":[13.498,7.971,0],"ix":1},"s":{"a":0,"k":[100,100,100],"ix":6}},"ao":0,"shapes":[{"ty":"gr","it":[{"ind":0,"ty":"sh","ix":1,"ks":{"a":0,"k":{"i":[[1.791,0],[0,0],[0,1.792],[0,0],[-1.792,0],[0,0],[0,-1.791],[0,0]],"o":[[0,0],[-1.792,0],[0,0],[0,-1.791],[0,0],[1.791,0],[0,0],[0,1.792]],"v":[[10.005,6.097],[-10.004,6.097],[-13.247,2.853],[-13.247,-2.854],[-10.004,-6.097],[10.005,-6.097],[13.247,-2.854],[13.247,2.853]],"c":true},"ix":2},"nm":"Path 1","mn":"ADBE Vector Shape - Group","hd":false},{"ty":"fl","c":{"a":0,"k":[1,1,1,1],"ix":4},"o":{"a":0,"k":100,"ix":5},"r":1,"nm":"Fill 1","mn":"ADBE Vector Graphic - Fill","hd":false},{"ty":"tr","p":{"a":0,"k":[13.497,6.347],"ix":2},"a":{"a":0,"k":[0,0],"ix":1},"s":{"a":0,"k":[100,100],"ix":3},"r":{"a":0,"k":0,"ix":6},"o":{"a":0,"k":100,"ix":7},"sk":{"a":0,"k":0,"ix":4},"sa":{"a":0,"k":0,"ix":5},"nm":"Transform"}],"nm":"Group 1","np":2,"cix":2,"ix":1,"mn":"ADBE Vector Group","hd":false},{"ty":"gr","it":[{"ind":0,"ty":"sh","ix":1,"ks":{"a":0,"k":{"i":[[1.791,0],[0,0],[0,1.792],[0,0],[-1.792,0],[0,0],[0,-1.791],[0,0]],"o":[[0,0],[-1.792,0],[0,0],[0,-1.791],[0,0],[1.791,0],[0,0],[0,1.792]],"v":[[10.005,6.097],[-10.004,6.097],[-13.247,2.853],[-13.247,-2.854],[-10.004,-6.097],[10.005,-6.097],[13.247,-2.854],[13.247,2.853]],"c":true},"ix":2},"nm":"Path 1","mn":"ADBE Vector Shape - Group","hd":false},{"ty":"fl","c":{"a":0,"k":[0.3764705882352941,0.47843137254901963,0.8941176470588236,1],"ix":4},"o":{"a":0,"k":100,"ix":5},"r":1,"nm":"Fill 1","mn":"ADBE Vector Graphic - Fill","hd":false},{"ty":"tr","p":{"a":0,"k":[13.497,9.595],"ix":2},"a":{"a":0,"k":[0,0],"ix":1},"s":{"a":0,"k":[100,100],"ix":3},"r":{"a":0,"k":0,"ix":6},"o":{"a":0,"k":100,"ix":7},"sk":{"a":0,"k":0,"ix":4},"sa":{"a":0,"k":0,"ix":5},"nm":"Transform"}],"nm":"Group 2","np":2,"cix":2,"ix":2,"mn":"ADBE Vector Group","hd":false}],"ip":0,"op":301.000012259981,"st":0,"bm":0},{"ddd":0,"ind":3,"ty":4,"nm":"Base","sr":1,"ks":{"o":{"a":0,"k":100,"ix":11},"r":{"a":0,"k":0,"ix":10},"p":{"a":0,"k":[324.327,320.575,0],"ix":2},"a":{"a":0,"k":[103.553,0.755,0],"ix":1},"s":{"a":0,"k":[100,100,100],"ix":6}},"ao":0,"shapes":[{"ty":"gr","it":[{"ind":0,"ty":"sh","ix":1,"ks":{"a":0,"k":{"i":[[0.279,0],[0,0],[0,0.278],[-0.278,0],[0,0],[0,-0.279]],"o":[[0,0],[-0.278,0],[0,-0.279],[0,0],[0.279,0],[0,0.278]],"v":[[102.799,0.505],[-102.798,0.505],[-103.303,0],[-102.798,-0.505],[102.799,-0.505],[103.303,0]],"c":true},"ix":2},"nm":"Path 1","mn":"ADBE Vector Shape - Group","hd":false},{"ty":"fl","c":{"a":0,"k":[0.1411764705882353,0.25882352941176473,0.3686274509803922,1],"ix":4},"o":{"a":0,"k":100,"ix":5},"r":1,"nm":"Fill 1","mn":"ADBE Vector Graphic - Fill","hd":false},{"ty":"tr","p":{"a":0,"k":[103.553,0.755],"ix":2},"a":{"a":0,"k":[0,0],"ix":1},"s":{"a":0,"k":[100,100],"ix":3},"r":{"a":0,"k":0,"ix":6},"o":{"a":0,"k":100,"ix":7},"sk":{"a":0,"k":0,"ix":4},"sa":{"a":0,"k":0,"ix":5},"nm":"Transform"}],"nm":"Group 1","np":2,"cix":2,"ix":1,"mn":"ADBE Vector Group","hd":false}],"ip":0,"op":301.000012259981,"st":0,"bm":0},{"ddd":0,"ind":4,"ty":4,"nm":"Logo","sr":1,"ks":{"o":{"a":0,"k":100,"ix":11},"r":{"a":0,"k":0,"ix":10},"p":{"a":0,"k":[323.089,291.32,0],"ix":2},"a":{"a":0,"k":[3.984,3.983,0],"ix":1},"s":{"a":0,"k":[100,100,100],"ix":6}},"ao":0,"shapes":[{"ty":"gr","it":[{"ind":0,"ty":"sh","ix":1,"ks":{"a":0,"k":{"i":[[0,-2.062],[2.062,0],[0,2.063],[-2.062,0]],"o":[[0,2.063],[-2.062,0],[0,-2.062],[2.062,0]],"v":[[3.734,-0.001],[0,3.734],[-3.734,-0.001],[0,-3.734]],"c":true},"ix":2},"nm":"Path 1","mn":"ADBE Vector Shape - Group","hd":false},{"ty":"fl","c":{"a":0,"k":[0.3764705882352941,0.47843137254901963,0.8941176470588236,1],"ix":4},"o":{"a":0,"k":100,"ix":5},"r":1,"nm":"Fill 1","mn":"ADBE Vector Graphic - Fill","hd":false},{"ty":"tr","p":{"a":0,"k":[3.984,3.984],"ix":2},"a":{"a":0,"k":[0,0],"ix":1},"s":{"a":0,"k":[100,100],"ix":3},"r":{"a":0,"k":0,"ix":6},"o":{"a":0,"k":100,"ix":7},"sk":{"a":0,"k":0,"ix":4},"sa":{"a":0,"k":0,"ix":5},"nm":"Transform"}],"nm":"Group 1","np":2,"cix":2,"ix":1,"mn":"ADBE Vector Group","hd":false}],"ip":0,"op":301.000012259981,"st":0,"bm":0},{"ddd":0,"ind":5,"ty":4,"nm":"Screen","sr":1,"ks":{"o":{"a":0,"k":100,"ix":11},"r":{"a":0,"k":0,"ix":10},"p":{"a":0,"k":[323.606,236.181,0],"ix":2},"a":{"a":0,"k":[76.702,42.092,0],"ix":1},"s":{"a":0,"k":[100,100,100],"ix":6}},"ao":0,"shapes":[{"ty":"gr","it":[{"ind":0,"ty":"sh","ix":1,"ks":{"a":0,"k":{"i":[[0,0],[0,0],[0,0],[0,0]],"o":[[0,0],[0,0],[0,0],[0,0]],"v":[[76.452,41.842],[-76.452,41.842],[-76.452,-41.842],[76.452,-41.842]],"c":true},"ix":2},"nm":"Path 1","mn":"ADBE Vector Shape - Group","hd":false},{"ty":"fl","c":{"a":0,"k":[0.9137254901960784,0.9215686274509803,1,1],"ix":4},"o":{"a":0,"k":100,"ix":5},"r":1,"nm":"Fill 1","mn":"ADBE Vector Graphic - Fill","hd":false},{"ty":"tr","p":{"a":0,"k":[76.702,42.092],"ix":2},"a":{"a":0,"k":[0,0],"ix":1},"s":{"a":0,"k":[100,100],"ix":3},"r":{"a":0,"k":0,"ix":6},"o":{"a":0,"k":100,"ix":7},"sk":{"a":0,"k":0,"ix":4},"sa":{"a":0,"k":0,"ix":5},"nm":"Transform"}],"nm":"Group 1","np":2,"cix":2,"ix":1,"mn":"ADBE Vector Group","hd":false}],"ip":0,"op":301.000012259981,"st":0,"bm":0},{"ddd":0,"ind":6,"ty":4,"nm":"Screen2","sr":1,"ks":{"o":{"a":0,"k":100,"ix":11},"r":{"a":0,"k":0,"ix":10},"p":{"a":0,"k":[323.089,235.688,0],"ix":2},"a":{"a":0,"k":[82.902,48.549,0],"ix":1},"s":{"a":0,"k":[100,100,100],"ix":6}},"ao":0,"shapes":[{"ty":"gr","it":[{"ind":0,"ty":"sh","ix":1,"ks":{"a":0,"k":{"i":[[0,0],[0,0],[0,0],[-5.585,0],[0,0],[0,-5.585]],"o":[[0,0],[0,0],[0,-5.585],[0,0],[5.586,0],[0,0]],"v":[[82.652,48.299],[-82.652,48.299],[-82.652,-38.186],[-72.539,-48.299],[72.539,-48.299],[82.652,-38.186]],"c":true},"ix":2},"nm":"Path 1","mn":"ADBE Vector Shape - Group","hd":false},{"ty":"fl","c":{"a":0,"k":[0.1411764705882353,0.25882352941176473,0.3686274509803922,1],"ix":4},"o":{"a":0,"k":100,"ix":5},"r":1,"nm":"Fill 1","mn":"ADBE Vector Graphic - Fill","hd":false},{"ty":"tr","p":{"a":0,"k":[82.902,48.549],"ix":2},"a":{"a":0,"k":[0,0],"ix":1},"s":{"a":0,"k":[100,100],"ix":3},"r":{"a":0,"k":0,"ix":6},"o":{"a":0,"k":100,"ix":7},"sk":{"a":0,"k":0,"ix":4},"sa":{"a":0,"k":0,"ix":5},"nm":"Transform"}],"nm":"Group 1","np":2,"cix":2,"ix":1,"mn":"ADBE Vector Group","hd":false}],"ip":0,"op":301.000012259981,"st":0,"bm":0},{"ddd":0,"ind":7,"ty":4,"nm":"Stand","sr":1,"ks":{"o":{"a":0,"k":100,"ix":11},"r":{"a":0,"k":0,"ix":10},"p":{"a":0,"k":[323.419,307.725,0],"ix":2},"a":{"a":0,"k":[17.212,7.557,0],"ix":1},"s":{"a":0,"k":[100,100,100],"ix":6}},"ao":0,"shapes":[{"ty":"gr","it":[{"ind":0,"ty":"sh","ix":1,"ks":{"a":0,"k":{"i":[[0,0],[0,0],[0,0],[0,0]],"o":[[0,0],[0,0],[0,0],[0,0]],"v":[[16.962,7.307],[-16.962,7.307],[-16.962,-7.307],[16.962,-7.307]],"c":true},"ix":2},"nm":"Path 1","mn":"ADBE Vector Shape - Group","hd":false},{"ty":"fl","c":{"a":0,"k":[0.3764705882352941,0.47843137254901963,0.8941176470588236,1],"ix":4},"o":{"a":0,"k":100,"ix":5},"r":1,"nm":"Fill 1","mn":"ADBE Vector Graphic - Fill","hd":false},{"ty":"tr","p":{"a":0,"k":[17.212,7.557],"ix":2},"a":{"a":0,"k":[0,0],"ix":1},"s":{"a":0,"k":[100,100],"ix":3},"r":{"a":0,"k":0,"ix":6},"o":{"a":0,"k":100,"ix":7},"sk":{"a":0,"k":0,"ix":4},"sa":{"a":0,"k":0,"ix":5},"nm":"Transform"}],"nm":"Group 1","np":2,"cix":2,"ix":1,"mn":"ADBE Vector Group","hd":false}],"ip":0,"op":301.000012259981,"st":0,"bm":0},{"ddd":0,"ind":8,"ty":4,"nm":"Bevel","sr":1,"ks":{"o":{"a":0,"k":100,"ix":11},"r":{"a":0,"k":0,"ix":10},"p":{"a":0,"k":[323.089,292.068,0],"ix":2},"a":{"a":0,"k":[82.901,8.601,0],"ix":1},"s":{"a":0,"k":[100,100,100],"ix":6}},"ao":0,"shapes":[{"ty":"gr","it":[{"ind":0,"ty":"sh","ix":1,"ks":{"a":0,"k":{"i":[[6.043,0],[0,0],[0,6.042],[0,0],[0,0],[0,0]],"o":[[0,0],[-6.043,0],[0,0],[0,0],[0,0],[0,6.042]],"v":[[71.711,8.35],[-71.71,8.35],[-82.651,-2.589],[-82.651,-8.35],[82.651,-8.35],[82.651,-2.589]],"c":true},"ix":2},"nm":"Path 1","mn":"ADBE Vector Shape - Group","hd":false},{"ty":"fl","c":{"a":0,"k":[1,1,1,1],"ix":4},"o":{"a":0,"k":100,"ix":5},"r":1,"nm":"Fill 1","mn":"ADBE Vector Graphic - Fill","hd":false},{"ty":"tr","p":{"a":0,"k":[82.901,8.601],"ix":2},"a":{"a":0,"k":[0,0],"ix":1},"s":{"a":0,"k":[100,100],"ix":3},"r":{"a":0,"k":0,"ix":6},"o":{"a":0,"k":100,"ix":7},"sk":{"a":0,"k":0,"ix":4},"sa":{"a":0,"k":0,"ix":5},"nm":"Transform"}],"nm":"Group 1","np":2,"cix":2,"ix":1,"mn":"ADBE Vector Group","hd":false}],"ip":0,"op":301.000012259981,"st":0,"bm":0}]}],"layers":[{"ddd":0,"ind":1,"ty":0,"nm":"Mobile","refId":"comp_0","sr":1,"ks":{"o":{"a":0,"k":100,"ix":11},"r":{"a":0,"k":0,"ix":10},"p":{"a":0,"k":[486,347,0],"ix":2},"a":{"a":0,"k":[68.5,138,0],"ix":1},"s":{"a":0,"k":[100,100,100],"ix":6}},"ao":0,"w":137,"h":276,"ip":0,"op":237.000009653208,"st":0,"bm":0},{"ddd":0,"ind":2,"ty":0,"nm":"PC","refId":"comp_3","sr":1,"ks":{"o":{"a":0,"k":100,"ix":11},"r":{"a":0,"k":0,"ix":10},"p":{"a":0,"k":[83,186,0],"ix":2},"a":{"a":0,"k":[250,250,0],"ix":1},"s":{"a":0,"k":[269,269,100],"ix":6}},"ao":0,"w":500,"h":500,"ip":0,"op":237.000009653208,"st":0,"bm":0}],"markers":[]}